11,1M1AN07Y0JM027470,1M2TE2GC0LM004438,1M2AV04C5JM018820,1M2AV04C6JM018406,1M2LR1GC8LM003388,1M2LR2GC7KM001412,1M2TE2GC6KM002093,1M2LR2GC9LM002580,1M2TE2GCXMM005369,1M2AV04C6JM018471,1M2LR2GC2KM002077,1M2TE2GC9MM005749,1M2AV04CXKM019561,1M2TE2GC4LM004720,1M2TE2GC6MM005059,1M2LR2GC3KM001164,1M2TE1GC4KM001177,1M2LR2GC3NM005512,1M2LR1GC8MM003795,1M2TE1GC3MM005563,1M2LR1GC0MM003886,1M2LR1GCXMM003927,1M2LR1GC6MM004296,1M2TE1GC8NM006581,,,,,,,,,,,,,,,,,,,,,,,,,,,,,,,,,,,,,,,,,,,,,,,,,,
3,1M1AN07Y2HM023723,4V4NC9EH9FN931032,4V4NC9EHXFN933968,4V4NC9EH5FN189647,4V4NC9EH9FN191241,4V4NC9EH8FN920507,4V4NC9EG8GN952138,4V4NC9EH6FN190693,4V4NC9EJ3FN910597,4V4NC9EH6FN187552,4V4NC9EH8FN916926,4V4N99EH3FN916329,4V4NC9EH4FN184181,4V4NC9EJ6FN915163,4V4NC9EH2FN909907,4V4NC9EHXFN178644,4V4NC9EH9FN918636,4V4NC9EJ0FN180096,4V4N99EH2FN190561,,,,,,,,,,,,,,,,,,,,,,,,,,,,,,,,,,,,,,,,,,,,,,,,,,,,,,,
11,1M1AN2AY8LM002016,1M2LR1GC0MM003886,1M2TE1GC3MM005563,1M2LR1GC8MM003795,1M2TE1GC8NM006581,1M2TE2GC9MM005749,1M2LR1GC6MM004296,1M2LR1GC8LM003388,1M2LR1GCXMM003927,1M2LR2GC9LM002580,1M2TE2GCXMM005369,1M2TE2GC4LM004720,1M2TE2GC0LM004438,1M2AV04CXKM019561,1M2TE2GC6KM002093,1M2LR2GC2KM002077,1M2TE2GC6MM005059,1M2TE1GC4KM001177,1M2LR2GC7KM001412,1M2AV04C5JM018820,1M2AV04C6JM018406,1M2LR2GC3KM001164,1M2LR2GC3NM005512,1M2AV04C6JM018471,,,,,,,,,,,,,,,,,,,,,,,,,,,,,,,,,,,,,,,,,,,,,,,,,,
11,1M1AN3GY5LM015030,1M2TE2GC6KM002093,1M2TE2GC0LM004438,1M2TE2GC4LM004720,1M2AV04C5JM018820,1M2LR1GC8LM003388,1M2TE2GC6MM005059,1M2AV04C6JM018406,1M2LR2GC9LM002580,1M2LR2GC2KM002077,1M2LR2GC3KM001164,1M2LR2GC7KM001412,1M2TE1GC4KM001177,1M2AV04CXKM019561,1M2TE2GCXMM005369,1M2LR1GC8MM003795,1M2LR2GC3NM005512,1M2AV04C6JM018471,1M2LR1GC0MM003886,1M2TE2GC9MM005749,1M2TE1GC3MM005563,1M2TE1GC8NM006581,1M2LR1GCXMM003927,1M2LR1GC6MM004296,,,,,,,,,,,,,,,,,,,,,,,,,,,,,,,,,,,,,,,,,,,,,,,,,,
11,1M1AN4GY0LM012221,1M2TE2GC0LM004438,1M2LR2GC7KM001412,1M2TE2GC9MM005749,1M2TE2GC6KM002093,1M2TE2GC6MM005059,1M2LR2GC9LM002580,1M2LR2GC2KM002077,1M2LR1GC8LM003388,1M2TE2GC4LM004720,1M2AV04C5JM018820,1M2TE2GCXMM005369,1M2LR2GC3KM001164,1M2AV04CXKM019561,1M2AV04C6JM018406,1M2LR2GC3NM005512,1M2TE1GC4KM001177,1M2LR1GC8MM003795,1M2TE1GC3MM005563,1M2LR1GC0MM003886,1M2AV04C6JM018471,1M2TE1GC8NM006581,1M2LR1GC6MM004296,1M2LR1GCXMM003927,,,,,,,,,,,,,,,,,,,,,,,,,,,,,,,,,,,,,,,,,,,,,,,,,,
8,1M1AN4GY1KM010072,4V4NC9EH0KN236481,4V4NC9EH8LN221275,4V4NC9EJ2LN213451,4V4NC9EH6KN898999,4V4NC9EJ9LN232143,4V4NC9EJ9LN211793,4V4NC9EH5LN241743,4V4NC9EJ8KN211329,4V4NC9EH9LN261686,4V4NC9EJ5LN230244,4V4NC9EJ5KN210896,4V4NC9EH4KN233597,4V4NC9EH0KN900911,4V4NC9EH8LN262280,4V4NC9EH3KN207654,4V4NC9EH0MN231106,4V4NC9EH6NN297645,4V4NC9EH5LN267307,4V4NC9EH4KN214984,4V4NC9EH5LN218527,4V4NC9EH9KN198314,4V4NC9EH8NN602062,4V4NC9EH5MN265607,4V4NC9EH3KN900823,4V4NC9EH9MN241973,4V4NC9EH0LN223148,4V4NC9EH0KN240109,4V4NC9EJXLN267564,4V4NC9EH2KN900070,4V4NC9EH2KN210822,4V4NC9EJ8LN232103,4V4NC9EH4LN228417,4V4NC9EH0LN257526,4V4NC9EH7KN209648,4V4NC9EJ3LN226824,4V4NC9EJ4KN227897,4V4NC9EH5LN233190,4V4NC9EH7KN201517,4V4NC9EH5LN256291,4V4WC9EJ9MN282594,4V4NC9EH7JN897780,4V4NC9EH4MN271334,4V4NC9EHXMN254652,4V4NC9EH4LN269372,4V4NC9EG4LN261893,4V4NC9EH7LN261038,4V4NC9EH3LN232698,4V4NC9EH2JN895158,4V4WC9EHXNN288905,4V4NC9EH2NN292698,4V4NC9EH7KN195797,4V4NC9EH1LN256062,4V4NC9EH2MN275950,4V4NC9EH6KN903845,4V4NC9EH8MN282417,4V4NC9EG8LN252016,4V4NC9EH2MN276838,4V4NC9EH3MN600721,4V4NC9EH0NN282610,4V4NC9EJ0KN214127,4V4NC9EH4KN903908,4V4NC9EH1NN299075,4V4NC9EG8MN271747,4V4NC9EH8LN237928,4V4NC9EH3MN273463,4V4NC9EH9MN264931,4V4NC9EH5LN261104,4V4WC9EH5LN252374,4V4NC9EG5LN217515,4V4NC9EH0MN265031,4V4NC9EH5LN263726,4V4NC9EH3MN248451,4V4NB9EH5MN288050
11,1M1AN4GY1LM018447,1M2LR1GC8LM003388,1M2TE2GC6KM002093,1M2TE2GC6MM005059,1M2AV04C5JM018820,1M2LR2GC7KM001412,1M2TE2GC4LM004720,1M2TE2GC0LM004438,1M2LR2GC9LM002580,1M2AV04C6JM018406,1M2AV04CXKM019561,1M2LR1GC8MM003795,1M2LR2GC2KM002077,1M2TE2GCXMM005369,1M2LR2GC3KM001164,1M2LR2GC3NM005512,1M2AV04C6JM018471,1M2TE2GC9MM005749,1M2TE1GC4KM001177,1M2LR1GC0MM003886,1M2TE1GC3MM005563,1M2TE1GC8NM006581,1M2LR1GCXMM003927,1M2LR1GC6MM004296,,,,,,,,,,,,,,,,,,,,,,,,,,,,,,,,,,,,,,,,,,,,,,,,,,
8,1M1AN4GY2KM001364,4V4NC9EH0KN236481,4V4NC9EH6KN898999,4V4NC9EH8LN221275,4V4NC9EH4KN233597,4V4NC9EH9KN198314,4V4NC9EJ8KN211329,4V4NC9EJ5LN230244,4V4NC9EJ9LN232143,4V4NC9EH0MN231106,4V4NC9EH5LN233190,4V4NC9EH5LN241743,4V4NC9EH3KN900823,4V4NC9EH7KN201517,4V4NC9EH2KN210822,4V4NC9EH8LN262280,4V4NC9EJ2LN213451,4V4NC9EH3KN207654,4V4NC9EH4KN214984,4V4NC9EH4MN271334,4V4NC9EH7KN209648,4V4NC9EJ9LN211793,4V4NC9EH0KN900911,4V4NC9EJ5KN210896,4V4NC9EH9LN261686,4V4NC9EH4LN228417,4V4NC9EH4KN903908,4V4NC9EH3LN232698,4V4NC9EH6KN903845,4V4NC9EH2JN895158,4V4NC9EJ8LN232103,4V4NC9EH0LN223148,4V4NC9EH9MN241973,4V4NC9EH6NN297645,4V4NC9EH7KN195797,4V4NC9EH5LN267307,4V4NC9EH7JN897780,4V4NC9EJXLN267564,4V4NC9EH2KN900070,4V4NC9EH0KN240109,4V4NC9EG8LN252016,4V4NC9EJ3LN226824,4V4NC9EH1LN256062,4V4WC9EJ9MN282594,4V4NC9EH5LN256291,4V4NC9EH0NN282610,4V4NC9EJ0KN214127,4V4NC9EJ4KN227897,4V4NC9EG8MN271747,4V4NC9EH5LN218527,4V4NC9EH7LN261038,4V4NC9EH8MN282417,4V4NC9EH5MN265607,4V4NC9EG4LN261893,4V4NC9EH8NN602062,4V4NC9EH8LN237928,4V4NC9EH4LN269372,4V4NC9EH0LN257526,4V4NC9EH2MN276838,4V4NC9EHXMN254652,4V4NC9EH3MN273463,4V4WC9EHXNN288905,4V4NC9EH2NN292698,4V4NC9EH5LN261104,4V4NC9EH9MN264931,4V4NC9EH2MN275950,4V4NC9EH3MN600721,4V4NC9EG5LN217515,4V4NC9EH0MN265031,4V4NC9EH5LN263726,4V4WC9EH5LN252374,4V4NC9EH1NN299075,4V4NC9EH3MN248451,4V4NB9EH5MN288050
11,1M1AN4GY7MM022844,1M2TE2GC6KM002093,1M2TE2GC0LM004438,1M2LR1GC8LM003388,1M2TE2GC6MM005059,1M2TE2GCXMM005369,1M2LR2GC3NM005512,1M2AV04C5JM018820,1M2LR2GC3KM001164,1M2TE2GC4LM004720,1M2AV04C6JM018406,1M2LR2GC7KM001412,1M2LR2GC9LM002580,1M2TE2GC9MM005749,1M2AV04CXKM019561,1M2LR1GC0MM003886,1M2LR1GC8MM003795,1M2LR2GC2KM002077,1M2TE1GC3MM005563,1M2TE1GC4KM001177,1M2AV04C6JM018471,1M2TE1GC8NM006581,1M2LR1GCXMM003927,1M2LR1GC6MM004296,,,,,,,,,,,,,,,,,,,,,,,,,,,,,,,,,,,,,,,,,,,,,,,,,,
11,1M1AN4GY9LM019734,1M2LR1GC0MM003886,1M2LR1GC8MM003795,1M2LR1GC8LM003388,1M2TE2GC6KM002093,1M2TE1GC3MM005563,1M2TE2GC6MM005059,1M2TE1GC8NM006581,1M2AV04C5JM018820,1M2LR2GC7KM001412,1M2LR2GC9LM002580,1M2TE2GC0LM004438,1M2AV04C6JM018406,1M2TE2GC9MM005749,1M2LR2GC2KM002077,1M2AV04CXKM019561,1M2TE2GC4LM004720,1M2TE2GCXMM005369,1M2TE1GC4KM001177,1M2LR2GC3KM001164,1M2AV04C6JM018471,1M2LR2GC3NM005512,1M2LR1GCXMM003927,1M2LR1GC6MM004296,,,,,,,,,,,,,,,,,,,,,,,,,,,,,,,,,,,,,,,,,,,,,,,,,,
6,1M1AW02Y1JM085060,1M2AX13C9HM036345,1M2AX13C0GM035986,1M2AX07C0HM034679,1M2AX04C5GM031795,1M2AX07C9GM032220,1M2AX07CXGM031562,1M2AX13C3HM036812,1M2AX26C3HM001351,1M2AX07C2GM028123,1M2AX07C6GM028190,1M2AX07C9HM035667,1M2AX13C0GM061505,1M2AX16C4GM033508,1M2AX13C0GM031484,1M2AX09CXGM031011,1M2AX04C3FM022608,1M2AX13CXGM035087,1M2AX13C0GM031937,1M2AX13C4GM034680,1M2AX18C5GM034972,1M2AX13C4FM029011,1M2AX13C1GM032207,1M2AX04C4FM024643,1M2AX07C6FM021965,1M2AX04C9FM021446,1M2AX04C7FM025012,1M2AX18CXFM028910,1M2AX09CXFM021366,,,,,,,,,,,,,,,,,,,,,,,,,,,,,,,,,,,,,,,,,,,,,
6,1M1AW02Y3JM085285,1M2AX13C9HM036345,1M2AX07C9GM032220,1M2AX07CXGM031562,1M2AX13C0GM035986,1M2AX13C3HM036812,1M2AX07C9HM035667,1M2AX07C0HM034679,1M2AX13C0GM061505,1M2AX04C5GM031795,1M2AX07C6GM028190,1M2AX26C3HM001351,1M2AX07C2GM028123,1M2AX16C4GM033508,1M2AX13C0GM031484,1M2AX18C5GM034972,1M2AX13C0GM031937,1M2AX09CXGM031011,1M2AX13CXGM035087,1M2AX13C4FM029011,1M2AX13C4GM034680,1M2AX13C1GM032207,1M2AX04C3FM022608,1M2AX04C4FM024643,1M2AX04C7FM025012,1M2AX07C6FM021965,1M2AX09CXFM021366,1M2AX04C9FM021446,1M2AX18CXFM028910,,,,,,,,,,,,,,,,,,,,,,,,,,,,,,,,,,,,,,,,,,,,,
10,1M1AW07Y0FM051434,4V4NC9EH5JN889595,4V4NC9EH2JN895824,4V4NC9EH6LN259541,4V4WC9EH8KN227869,4V4WC9EHXLN255724,4V4N39EG2KN212738,4V4NC9EH3KN902751,4V4NC9EH8HN994447,4V4WC9EG5KN205920,4V4NC9EH8KN227835,,,,,,,,,,,,,,,,,,,,,,,,,,,,,,,,,,,,,,,,,,,,,,,,,,,,,,,,,,,,,,,
10,1M1AW07Y0FM051482,4V4NC9EH5JN889595,4V4NC9EH6LN259541,4V4NC9EH2JN895824,4V4WC9EH8KN227869,4V4WC9EHXLN255724,4V4N39EG2KN212738,4V4NC9EH3KN902751,4V4NC9EH8HN994447,4V4WC9EG5KN205920,4V4NC9EH8KN227835,,,,,,,,,,,,,,,,,,,,,,,,,,,,,,,,,,,,,,,,,,,,,,,,,,,,,,,,,,,,,,,
10,1M1AW07Y2GM059553,4V4NC9EH5JN889595,4V4NC9EH6LN259541,4V4NC9EH2JN895824,4V4WC9EH8KN227869,4V4WC9EHXLN255724,4V4WC9EG5KN205920,4V4N39EG2KN212738,4V4NC9EH3KN902751,4V4NC9EH8HN994447,4V4NC9EH8KN227835,,,,,,,,,,,,,,,,,,,,,,,,,,,,,,,,,,,,,,,,,,,,,,,,,,,,,,,,,,,,,,,
10,1M1AW07Y9GM078455,4V4NC9EH5JN889595,4V4NC9EH2JN895824,4V4WC9EH8KN227869,4V4NC9EH6LN259541,4V4WC9EHXLN255724,4V4N39EG2KN212738,4V4NC9EH8HN994447,4V4WC9EG5KN205920,4V4NC9EH3KN902751,4V4NC9EH8KN227835,,,,,,,,,,,,,,,,,,,,,,,,,,,,,,,,,,,,,,,,,,,,,,,,,,,,,,,,,,,,,,,
11,1M1AW07YXJM086880,1M2AV04C5JM018820,1M2AV04C6JM018406,1M2TE2GC6KM002093,1M2AV04C6JM018471,1M2LR1GC8LM003388,1M2TE2GC0LM004438,1M2LR2GC7KM001412,1M2AV04CXKM019561,1M2LR2GC3KM001164,1M2TE2GC6MM005059,1M2TE1GC4KM001177,1M2LR2GC2KM002077,1M2LR2GC9LM002580,1M2TE2GCXMM005369,1M2LR1GC8MM003795,1M2TE2GC4LM004720,1M2TE2GC9MM005749,1M2LR2GC3NM005512,1M2TE1GC3MM005563,1M2LR1GC0MM003886,1M2LR1GCXMM003927,1M2LR1GC6MM004296,1M2TE1GC8NM006581,,,,,,,,,,,,,,,,,,,,,,,,,,,,,,,,,,,,,,,,,,,,,,,,,,
11,1M1PN4GY9LM005262,1M2LR2GC7KM001412,1M2TE2GC0LM004438,1M2LR1GC8LM003388,1M2TE2GC6MM005059,1M2TE2GC6KM002093,1M2LR2GC9LM002580,1M2AV04C5JM018820,1M2LR2GC2KM002077,1M2AV04CXKM019561,1M2LR2GC3KM001164,1M2AV04C6JM018406,1M2TE2GC4LM004720,1M2TE2GCXMM005369,1M2TE2GC9MM005749,1M2TE1GC4KM001177,1M2AV04C6JM018471,1M2LR2GC3NM005512,1M2LR1GC8MM003795,1M2TE1GC3MM005563,1M2LR1GC0MM003886,1M2TE1GC8NM006581,1M2LR1GCXMM003927,1M2LR1GC6MM004296,,,,,,,,,,,,,,,,,,,,,,,,,,,,,,,,,,,,,,,,,,,,,,,,,,
2,1M2AV02C2GM016065,1M1AW21Y2GM060478,1M1AX07Y5FM020516,1M1AW21YXFM051381,1M1AN09Y9FM019369,1M2AN07YXFM018004,1M2AN07Y7FM018865,1M1AW09Y8FM048133,1M1AW09Y2GM056939,1M1AW07Y5FM051784,1M1AW07Y6FM050269,1M1AW21YXGM053312,1M2AW02Y1FM048691,1M1AN09YXFM018585,1M1AW07Y4GM054760,1M1AW02Y9FM043761,1M1AW07YXFM052607,1M1AW07Y0FM044144,1M1AW07Y7GM060715,1M1AN07Y7GM023733,1M1AW31Y5FM048880,1M1AW07Y8GM078527,1M1AW07Y2HM080873,1M2AN07C1HM026192,1M1AW02Y0HM082869,,,,,,,,,,,,,,,,,,,,,,,,,,,,,,,,,,,,,,,,,,,,,,,,,
2,1M2AV02C7FM012415,1M1AX07Y5FM020516,1M2AN07YXFM018004,1M2AN07Y7FM018865,1M1AN09Y9FM019369,1M2AW02Y1FM048691,1M1AW07Y6FM050269,1M1AN09YXFM018585,1M1AW09Y8FM048133,1M1AW21Y2GM060478,1M1AW21YXFM051381,1M1AW07Y5FM051784,1M1AW07Y0FM044144,1M1AW07YXFM052607,1M1AW02Y9FM043761,1M1AW21YXGM053312,1M1AW31Y5FM048880,1M1AW07Y4GM054760,1M1AN07Y7GM023733,1M1AW07Y7GM060715,1M1AW09Y2GM056939,1M1AW07Y8GM078527,1M1AW07Y2HM080873,1M2AN07C1HM026192,1M1AW02Y0HM082869,,,,,,,,,,,,,,,,,,,,,,,,,,,,,,,,,,,,,,,,,,,,,,,,,
2,1M2AV04C1GM014711,1M2AN07YXFM018004,1M2AN07Y7FM018865,1M1AW21Y2GM060478,1M1AX07Y5FM020516,1M1AN09Y9FM019369,1M1AW07Y5FM051784,1M1AW09Y8FM048133,1M1AN09YXFM018585,1M2AW02Y1FM048691,1M1AW21YXFM051381,1M1AW07Y6FM050269,1M1AW07Y0FM044144,1M1AW21YXGM053312,1M1AW09Y2GM056939,1M1AW07Y4GM054760,1M1AW07Y7GM060715,1M1AW02Y9FM043761,1M1AW07YXFM052607,1M2AN07C1HM026192,1M1AN07Y7GM023733,1M1AW31Y5FM048880,1M1AW07Y2HM080873,1M1AW07Y8GM078527,1M1AW02Y0HM082869,,,,,,,,,,,,,,,,,,,,,,,,,,,,,,,,,,,,,,,,,,,,,,,,,
2,1M2AV04C1JM018023,1M2AN07YXFM018004,1M2AN07Y7FM018865,1M1AX07Y5FM020516,1M1AW21Y2GM060478,1M1AW21YXFM051381,1M1AN09Y9FM019369,1M1AW07Y5FM051784,1M2AW02Y1FM048691,1M1AN09YXFM018585,1M1AW09Y8FM048133,1M1AW07Y0FM044144,1M1AW02Y9FM043761,1M1AW07Y6FM050269,1M1AW07Y7GM060715,1M1AW21YXGM053312,1M1AW07Y4GM054760,1M2AN07C1HM026192,1M1AW09Y2GM056939,1M1AW31Y5FM048880,1M1AW07YXFM052607,1M1AW07Y2HM080873,1M1AW07Y8GM078527,1M1AW02Y0HM082869,1M1AN07Y7GM023733,,,,,,,,,,,,,,,,,,,,,,,,,,,,,,,,,,,,,,,,,,,,,,,,,
2,1M2AV04C1JM019687,1M1AX07Y5FM020516,1M1AW07Y5FM051784,1M1AW21Y2GM060478,1M2AN07YXFM018004,1M2AN07Y7FM018865,1M1AN09Y9FM019369,1M2AW02Y1FM048691,1M1AN09YXFM018585,1M1AW07Y4GM054760,1M1AW02Y9FM043761,1M1AW21YXFM051381,1M1AW07Y0FM044144,1M1AW21YXGM053312,1M1AW07Y6FM050269,1M1AW09Y8FM048133,1M1AW07Y2HM080873,1M2AN07C1HM026192,1M1AW07YXFM052607,1M1AW07Y7GM060715,1M1AN07Y7GM023733,1M1AW09Y2GM056939,1M1AW07Y8GM078527,1M1AW31Y5FM048880,1M1AW02Y0HM082869,,,,,,,,,,,,,,,,,,,,,,,,,,,,,,,,,,,,,,,,,,,,,,,,,
2,1M2AV04C5JM017604,1M2AN07YXFM018004,1M2AN07Y7FM018865,1M1AX07Y5FM020516,1M1AW21Y2GM060478,1M1AN09Y9FM019369,1M1AW07Y5FM051784,1M1AN09YXFM018585,1M1AW09Y8FM048133,1M2AW02Y1FM048691,1M1AW21YXFM051381,1M1AW07Y7GM060715,1M1AW07YXFM052607,1M1AW07Y6FM050269,1M1AW07Y0FM044144,1M1AW07Y4GM054760,1M1AW21YXGM053312,1M2AN07C1HM026192,1M1AW02Y9FM043761,1M1AW09Y2GM056939,1M1AW31Y5FM048880,1M1AN07Y7GM023733,1M1AW07Y2HM080873,1M1AW07Y8GM078527,1M1AW02Y0HM082869,,,,,,,,,,,,,,,,,,,,,,,,,,,,,,,,,,,,,,,,,,,,,,,,,
2,1M2AV09C1HM015769,1M1AX07Y5FM020516,1M1AW21Y2GM060478,1M1AW07Y5FM051784,1M2AN07YXFM018004,1M1AW21YXGM053312,1M1AW21YXFM051381,1M1AN09YXFM018585,1M1AW07Y6FM050269,1M2AN07Y7FM018865,1M1AW07Y0FM044144,1M1AN09Y9FM019369,1M1AW07YXFM052607,1M1AW07Y2HM080873,1M1AN07Y7GM023733,1M2AW02Y1FM048691,1M1AW07Y4GM054760,1M1AW07Y8GM078527,1M1AW02Y9FM043761,1M1AW07Y7GM060715,1M1AW31Y5FM048880,1M1AW09Y8FM048133,1M1AW09Y2GM056939,1M2AN07C1HM026192,1M1AW02Y0HM082869,,,,,,,,,,,,,,,,,,,,,,,,,,,,,,,,,,,,,,,,,,,,,,,,,
4,1M2AX02C8FM002082,1M2AV01C3JM001423,1M2AV02C8FM012892,1M2AU04C8GM010383,1M2AV02C7GM014053,1M2AV04CXFM012065,1M2AV04C9GM014178,1M2AU02CXFM009642,1M2AV04C4JM017884,1M2AU02C8FM009137,1M2AV02C2FM013410,1M2AV04C7JM016650,,,,,,,,,,,,,,,,,,,,,,,,,,,,,,,,,,,,,,,,,,,,,,,,,,,,,,,,,,,,,,
4,1M2AX04C4FM024934,1M2AV04CXFM012065,1M2AV04C4JM017884,1M2AV04C9GM014178,1M2AV02C7GM014053,1M2AV01C3JM001423,1M2AV02C8FM012892,1M2AU04C8GM010383,1M2AU02C8FM009137,1M2AV02C2FM013410,1M2AV04C7JM016650,1M2AU02CXFM009642,,,,,,,,,,,,,,,,,,,,,,,,,,,,,,,,,,,,,,,,,,,,,,,,,,,,,,,,,,,,,,
4,1M2AX07C4GM027622,1M2AV04C4JM017884,1M2AU04C8GM010383,1M2AV02C7GM014053,1M2AV01C3JM001423,1M2AV04C9GM014178,1M2AV02C2FM013410,1M2AU02C8FM009137,1M2AV02C8FM012892,1M2AV04CXFM012065,1M2AU02CXFM009642,1M2AV04C7JM016650,,,,,,,,,,,,,,,,,,,,,,,,,,,,,,,,,,,,,,,,,,,,,,,,,,,,,,,,,,,,,,
4,1M2AX07C9HM035345,1M2AV04C4JM017884,1M2AV01C3JM001423,1M2AV02C7GM014053,1M2AV04C9GM014178,1M2AU04C8GM010383,1M2AV04C7JM016650,1M2AV04CXFM012065,1M2AV02C8FM012892,1M2AV02C2FM013410,1M2AU02C8FM009137,1M2AU02CXFM009642,,,,,,,,,,,,,,,,,,,,,,,,,,,,,,,,,,,,,,,,,,,,,,,,,,,,,,,,,,,,,,
4,1M2AX09C4HM035251,1M2AV04C4JM017884,1M2AV02C7GM014053,1M2AU04C8GM010383,1M2AV01C3JM001423,1M2AV04C9GM014178,1M2AV04CXFM012065,1M2AV02C2FM013410,1M2AU02C8FM009137,1M2AV04C7JM016650,1M2AV02C8FM012892,1M2AU02CXFM009642,,,,,,,,,,,,,,,,,,,,,,,,,,,,,,,,,,,,,,,,,,,,,,,,,,,,,,,,,,,,,,
4,1M2AX13C7FM030508,1M2AV02C7GM014053,1M2AU02C8FM009137,1M2AV02C2FM013410,1M2AV04C7JM016650,1M2AV04C4JM017884,1M2AU02CXFM009642,1M2AU04C8GM010383,1M2AV04CXFM012065,1M2AV02C8FM012892,1M2AV04C9GM014178,1M2AV01C3JM001423,,,,,,,,,,,,,,,,,,,,,,,,,,,,,,,,,,,,,,,,,,,,,,,,,,,,,,,,,,,,,,
0,1M2AX16C4JM040689,1M2AX07C9HM036804,1M2AX13C4JM041166,1M2AX07C9JM041295,1M2AX18C4JM040723,1M2AX09C5JM040416,1M2AX09C5JM035832,1M2GR2GC6KM001256,1M2GR2GC8KM006328,1M2GR4GC3MM020202,1M2AX13C0KM042798,1M2GR3GCXKM010158,1M2AX18C6KM042796,1M2GR2GC6LM008645,1M2GR2GC2KM006910,1M2GR2GC9MM021343,1M2GR2GC9LM015623,1M2GR4GC3MM021916,1M2GR4GC0KM010160,1M1GR4GY5LM016456,1M2GR2GC9KM005401,1M2GR2GC5KM007114,1M2GR4GC7LM014983,1M2GR2GC1KM004100,1M2GR2GC5LM016011,1M2GR4GC1KM009583,1M2GR4GC2LM012977,1M2GR4GC4MM020970,1M2GR2GC3MM016333,1M2GR2GC4LM019059,1M2GR2GC0KM003665,1M2GR3GC2KM006945,1M2GR2GC4LM017473,1M2GR4GC4MM021519,1M2GR4GC6NM027596,1M2GR2GC2LM016581,1M2GR3GC4MM021367,1M2GR4GC5NM025919,1M2GR2NC2KM001077,1M2GR2GC2MM024844,1M2GR2GC3NM027317,1M2GR4GC9NM025955,1M2GR4GCXMM024697,1M1GR4GY1KM004495,1M2GR4GC6NM025038,1M2GR2GC1MM023863,1M2GR2GC9KM009061,1M2GR2GC3KM009069,1M2GR3NC2LM001328,1M2GR4NC4MM001970,1M2GR2NCXMM001718,,,,,,,,,,,,,,,,,,,,,,,
4,1M2AX20C6FM001236,1M2AV04C9GM014178,1M2AV02C7GM014053,1M2AV04C4JM017884,1M2AV04CXFM012065,1M2AV01C3JM001423,1M2AV04C7JM016650,1M2AU02CXFM009642,1M2AU04C8GM010383,1M2AV02C8FM012892,1M2AV02C2FM013410,1M2AU02C8FM009137,,,,,,,,,,,,,,,,,,,,,,,,,,,,,,,,,,,,,,,,,,,,,,,,,,,,,,,,,,,,,,
0,1M2GR2GC2KM011783,1M2GR2GC9KM005401,1M2GR2GC4LM017473,1M2GR2GC3MM016333,1M2GR2GC0KM003665,1M2GR2GC6KM001256,1M2GR4GC2LM012977,1M2GR3GC4MM021367,1M2GR3GCXKM010158,1M2GR4GC0KM010160,1M2GR4GC1KM009583,1M2GR4GC7LM014983,1M2GR2GC3NM027317,1M2GR2GC1KM004100,1M2GR4GC4MM021519,1M2GR2GC9MM021343,1M2GR2GC8KM006328,1M2GR4GC3MM020202,1M2GR2GC6LM008645,1M2GR2GC2LM016581,1M2GR3GC2KM006945,1M2GR2GC2MM024844,1M2GR2GC5LM016011,1M2AX13C0KM042798,1M2GR2GC5KM007114,1M2AX13C4JM041166,1M2AX18C4JM040723,1M2GR2GC9KM009061,1M2GR2GC3KM009069,1M2GR4GC9NM025955,1M2AX07C9JM041295,1M2GR3NC2LM001328,1M2AX09C5JM040416,1M2GR4GCXMM024697,1M1GR4GY1KM004495,1M2GR2GC2KM006910,1M2GR2GC1MM023863,1M2GR4GC4MM020970,1M2GR4GC6NM027596,1M2AX18C6KM042796,1M1GR4GY5LM016456,1M2AX09C5JM035832,1M2GR2GC9LM015623,1M2GR2NC2KM001077,1M2GR4GC3MM021916,1M2GR2GC4LM019059,1M2GR4GC5NM025919,1M2AX07C9HM036804,1M2GR4NC4MM001970,1M2GR4GC6NM025038,1M2GR2NCXMM001718,,,,,,,,,,,,,,,,,,,,,,,
0,1M2GR2GC3MM020916,1M2GR4GC3MM020202,1M2GR2GC5LM016011,1M2GR2GC8KM006328,1M2GR2GC4LM017473,1M2GR2GC9MM021343,1M2GR2GC6LM008645,1M2AX07C9HM036804,1M2GR4GC4MM020970,1M2GR2GC9LM015623,1M2GR2GC2KM006910,1M2GR2GC4LM019059,1M1GR4GY5LM016456,1M2GR2GC5KM007114,1M2GR2GC0KM003665,1M2GR3GC4MM021367,1M2GR4GC9NM025955,1M2GR2GC2LM016581,1M2GR2GC9KM005401,1M2GR4GC4MM021519,1M2GR2GC3MM016333,1M2GR2GC3NM027317,1M2GR4GC6NM027596,1M2GR4GC3MM021916,1M2GR2GC6KM001256,1M2GR4GC6NM025038,1M2GR2GC2MM024844,1M2GR4GC2LM012977,1M2GR4GC0KM010160,1M2GR4GC5NM025919,1M2AX09C5JM035832,1M2GR2GC1KM004100,1M2GR2GC1MM023863,1M2GR4GC7LM014983,1M2GR4GC1KM009583,1M2AX07C9JM041295,1M2GR4GCXMM024697,1M2AX09C5JM040416,1M1GR4GY1KM004495,1M2GR3GCXKM010158,1M2AX13C4JM041166,1M2GR2NC2KM001077,1M2AX13C0KM042798,1M2AX18C4JM040723,1M2GR3GC2KM006945,1M2GR2GC9KM009061,1M2GR2GC3KM009069,1M2GR3NC2LM001328,1M2AX18C6KM042796,1M2GR2NCXMM001718,1M2GR4NC4MM001970,,,,,,,,,,,,,,,,,,,,,,,
0,1M2GR2GC6NM026307,1M2GR4GC9NM025955,1M2GR2GC2MM024844,1M2GR2GC3NM027317,1M2GR4GC7LM014983,1M2GR2GC9KM005401,1M2GR2GC6KM001256,1M2GR4GC5NM025919,1M2GR2GC1KM004100,1M2GR2GC1MM023863,1M2GR3GC4MM021367,1M2GR3GC2KM006945,1M2GR3GCXKM010158,1M2GR4NC4MM001970,1M2GR4GC4MM021519,1M2AX13C4JM041166,1M2GR4GC4MM020970,1M2GR4GC0KM010160,1M2GR4GC1KM009583,1M2GR2GC3MM016333,1M2GR2GC5KM007114,1M2GR2GC2KM006910,1M2GR2GC4LM017473,1M2GR2GC0KM003665,1M2GR2GC6LM008645,1M2GR4GC6NM025038,1M2GR2GC2LM016581,1M2GR4GC3MM020202,1M2GR4GC2LM012977,1M2GR2GC5LM016011,1M2GR4GC6NM027596,1M2GR4GCXMM024697,1M2GR2GC8KM006328,1M2AX13C0KM042798,1M2GR2GC3KM009069,1M2GR2GC9MM021343,1M2GR2GC9KM009061,1M2AX07C9JM041295,1M2GR4GC3MM021916,1M1GR4GY1KM004495,1M2GR3NC2LM001328,1M2GR2NC2KM001077,1M1GR4GY5LM016456,1M2AX18C4JM040723,1M2GR2GC9LM015623,1M2GR2NCXMM001718,1M2AX09C5JM040416,1M2AX18C6KM042796,1M2AX09C5JM035832,1M2GR2GC4LM019059,1M2AX07C9HM036804,,,,,,,,,,,,,,,,,,,,,,,
0,1M2GR2GC7MM024824,1M2GR4GC9NM025955,1M2GR2GC2MM024844,1M2GR3GC4MM021367,1M2GR2GC4LM017473,1M2GR4GC7LM014983,1M2GR2GC1MM023863,1M2GR2GC2LM016581,1M2GR2GC9KM005401,1M2GR4GC4MM021519,1M2GR4NC4MM001970,1M2GR2GC3NM027317,1M2GR4GC4MM020970,1M2GR2GC6KM001256,1M2GR4GC3MM020202,1M2GR3GC2KM006945,1M2GR2GC6LM008645,1M2GR2GC5LM016011,1M1GR4GY1KM004495,1M2GR2GC8KM006328,1M2GR4GC0KM010160,1M2GR4GC1KM009583,1M2GR2GC3MM016333,1M2GR4GC5NM025919,1M2GR2GC2KM006910,1M2GR2GC1KM004100,1M2GR2GC9MM021343,1M2GR4GCXMM024697,1M2AX13C4JM041166,1M2AX13C0KM042798,1M2GR4GC2LM012977,1M2AX07C9JM041295,1M2GR2GC0KM003665,1M2GR2GC5KM007114,1M2GR3GCXKM010158,1M2GR3NC2LM001328,1M2GR4GC6NM025038,1M2GR2GC9LM015623,1M2GR4GC6NM027596,1M1GR4GY5LM016456,1M2AX09C5JM040416,1M2GR2NCXMM001718,1M2GR2NC2KM001077,1M2AX18C4JM040723,1M2GR4GC3MM021916,1M2GR2GC3KM009069,1M2GR2GC9KM009061,1M2GR2GC4LM019059,1M2AX18C6KM042796,1M2AX09C5JM035832,1M2AX07C9HM036804,,,,,,,,,,,,,,,,,,,,,,,
0,1M2GR2GC9LM013242,1M2GR2GC9KM005401,1M2GR2GC3MM016333,1M2GR3GCXKM010158,1M2GR2GC6KM001256,1M2GR4GC7LM014983,1M2GR4GC0KM010160,1M2GR2GC4LM017473,1M2GR4GC2LM012977,1M2GR3GC4MM021367,1M2GR2GC8KM006328,1M2GR2GC1KM004100,1M2GR4GC1KM009583,1M2GR4GC4MM021519,1M2GR2GC0KM003665,1M2GR3GC2KM006945,1M2GR2GC6LM008645,1M2AX13C4JM041166,1M2GR2GC3NM027317,1M2GR2GC5KM007114,1M2GR2GC2KM006910,1M2GR2GC2MM024844,1M2GR4GC9NM025955,1M2GR2GC9MM021343,1M2GR4GCXMM024697,1M2GR4GC3MM020202,1M2GR2GC3KM009069,1M2GR2GC9KM009061,1M2GR2GC9LM015623,1M2GR2GC2LM016581,1M2GR3NC2LM001328,1M2GR2GC1MM023863,1M2GR2GC5LM016011,1M2AX07C9JM041295,1M2AX18C6KM042796,1M2AX13C0KM042798,1M2AX18C4JM040723,1M2GR4GC4MM020970,1M2GR4GC6NM027596,1M2GR2NC2KM001077,1M2GR4NC4MM001970,1M1GR4GY5LM016456,1M1GR4GY1KM004495,1M2AX09C5JM035832,1M2AX09C5JM040416,1M2GR4GC5NM025919,1M2GR4GC3MM021916,1M2GR2GC4LM019059,1M2AX07C9HM036804,1M2GR2NCXMM001718,1M2GR4GC6NM025038,,,,,,,,,,,,,,,,,,,,,,,
0,1M2GR2GCXLM015727,1M2GR2GC3MM016333,1M2GR3GCXKM010158,1M2GR2GC9KM005401,1M2GR2GC6KM001256,1M2GR4GC2LM012977,1M2GR4GC0KM010160,1M2GR4GC7LM014983,1M2GR4GC1KM009583,1M2GR2GC1KM004100,1M2GR2GC0KM003665,1M2GR3GC2KM006945,1M2GR2GC3NM027317,1M2GR2GC9KM009061,1M2GR2GC3KM009069,1M2GR4GC4MM021519,1M2GR3GC4MM021367,1M2GR2GC2MM024844,1M2GR2GC4LM017473,1M2GR2GC5KM007114,1M2GR2GC6LM008645,1M2GR2GC8KM006328,1M2GR4GC9NM025955,1M2GR4GCXMM024697,1M2GR2GC2LM016581,1M2AX13C4JM041166,1M2GR2GC2KM006910,1M2GR2GC9LM015623,1M2GR4GC3MM021916,1M2AX18C6KM042796,1M2GR2GC9MM021343,1M2GR4GC4MM020970,1M2GR3NC2LM001328,1M2AX18C4JM040723,1M2AX07C9JM041295,1M2GR4GC3MM020202,1M2GR2GC5LM016011,1M2GR4GC6NM027596,1M2AX13C0KM042798,1M2GR2GC4LM019059,1M2GR2GC1MM023863,1M1GR4GY5LM016456,1M1GR4GY1KM004495,1M2AX09C5JM040416,1M2AX09C5JM035832,1M2GR4GC5NM025919,1M2GR4NC4MM001970,1M2AX07C9HM036804,1M2GR4GC6NM025038,1M2GR2NCXMM001718,1M2GR2NC2KM001077,,,,,,,,,,,,,,,,,,,,,,,
0,1M2GR2TC4LM001098,1M2GR2GC9LM015623,1M2GR2NCXMM001718,1M2GR2GC4LM019059,1M2GR2NC2KM001077,1M2GR2GC5KM007114,1M2GR2GC6LM008645,1M2GR2GC1KM004100,1M2GR4GCXMM024697,1M2GR2GC9KM005401,1M2GR4GC3MM020202,1M2GR2GC6KM001256,1M2GR3NC2LM001328,1M2GR2GC8KM006328,1M2GR4GC6NM025038,1M2GR2GC9MM021343,1M2GR2GC2KM006910,1M2GR4GC3MM021916,1M1GR4GY5LM016456,1M2GR2GC5LM016011,1M2GR2GC0KM003665,1M2GR4GC6NM027596,1M2GR4NC4MM001970,1M2GR2GC2MM024844,1M2GR3GC4MM021367,1M2GR2GC3MM016333,1M2GR4GC9NM025955,1M2GR4GC7LM014983,1M2GR4GC2LM012977,1M2GR4GC4MM021519,1M2GR3GCXKM010158,1M2GR4GC0KM010160,1M2GR4GC5NM025919,1M2GR4GC4MM020970,1M2GR2GC4LM017473,1M2GR4GC1KM009583,1M2GR3GC2KM006945,1M2GR2GC3NM027317,1M2AX07C9JM041295,1M1GR4GY1KM004495,1M2GR2GC9KM009061,1M2GR2GC3KM009069,1M2AX18C4JM040723,1M2AX09C5JM040416,1M2GR2GC2LM016581,1M2AX18C6KM042796,1M2AX13C4JM041166,1M2AX13C0KM042798,1M2GR2GC1MM023863,1M2AX07C9HM036804,1M2AX09C5JM035832,,,,,,,,,,,,,,,,,,,,,,,
0,1M2GR3GC2LM010446,1M2GR4GC7LM014983,1M2GR2GC2MM024844,1M2GR4GC0KM010160,1M2GR3GC2KM006945,1M2GR2GC6KM001256,1M2GR2GC5LM016011,1M2GR2GC9KM005401,1M2GR2GC1KM004100,1M2GR3GC4MM021367,1M2GR2GC0KM003665,1M2GR4GC2LM012977,1M2GR3GCXKM010158,1M2GR4GC9NM025955,1M2GR4GC1KM009583,1M2AX07C9JM041295,1M2GR2GC2LM016581,1M2AX13C0KM042798,1M2GR4GC4MM021519,1M2GR2GC4LM017473,1M1GR4GY1KM004495,1M2GR2GC5KM007114,1M2GR2GC9KM009061,1M2GR2GC3NM027317,1M2GR2GC3MM016333,1M2GR2GC3KM009069,1M2GR4GC3MM020202,1M2GR2GC1MM023863,1M2GR4GC4MM020970,1M2GR2GC6LM008645,1M2GR2GC9MM021343,1M2GR4GC5NM025919,1M2AX13C4JM041166,1M2AX09C5JM040416,1M2GR2GC2KM006910,1M2AX18C4JM040723,1M2GR3NC2LM001328,1M2GR2GC8KM006328,1M2AX18C6KM042796,1M2GR2GC9LM015623,1M1GR4GY5LM016456,1M2GR4GC3MM021916,1M2GR4GC6NM025038,1M2GR4GCXMM024697,1M2GR4NC4MM001970,1M2GR2NC2KM001077,1M2GR4GC6NM027596,1M2GR2GC4LM019059,1M2GR2NCXMM001718,1M2AX09C5JM035832,1M2AX07C9HM036804,,,,,,,,,,,,,,,,,,,,,,,
0,1M2GR3GCXNM025974,1M2GR4GC6NM027596,1M2GR4GC5NM025919,1M2GR2GC8KM006328,1M2GR2GC9MM021343,1M2GR4GC3MM020202,1M2GR4GC6NM025038,1M2GR4GC4MM020970,1M2GR2GC2KM006910,1M2GR2GC6LM008645,1M2GR4GC9NM025955,1M2GR2GC3NM027317,1M2GR2GC3MM016333,1M2GR4GC3MM021916,1M2GR3GCXKM010158,1M2GR4GC7LM014983,1M2GR4GC1KM009583,1M2GR4GC0KM010160,1M2GR4GC4MM021519,1M2GR4GCXMM024697,1M2GR2GC2MM024844,1M2GR2GC9LM015623,1M2GR3GC4MM021367,1M2GR2GC9KM005401,1M2GR4GC2LM012977,1M2GR3GC2KM006945,1M2GR2GC6KM001256,1M2GR2GC5KM007114,1M2GR2NC2KM001077,1M2GR2GC1KM004100,1M2AX07C9JM041295,1M1GR4GY5LM016456,1M2AX07C9HM036804,1M2GR2GC0KM003665,1M2GR2GC5LM016011,1M2GR4NC4MM001970,1M2GR2GC1MM023863,1M2GR2GC4LM017473,1M2GR2GC4LM019059,1M2GR2GC9KM009061,1M2GR2GC3KM009069,1M2AX13C4JM041166,1M2GR2GC2LM016581,1M2AX09C5JM040416,1M2AX09C5JM035832,1M2GR3NC2LM001328,1M2AX18C4JM040723,1M2AX18C6KM042796,1M2AX13C0KM042798,1M1GR4GY1KM004495,1M2GR2NCXMM001718,,,,,,,,,,,,,,,,,,,,,,,
0,1M2GR4GC2KM007034,1M2GR2GC2KM006910,1M2GR2GC9LM015623,1M2GR2GC5LM016011,1M2GR4GC7LM014983,1M2GR2GC2LM016581,1M2GR2GC4LM019059,1M2GR4GC6NM025038,1M2GR4GC3MM020202,1M2GR2GC4LM017473,1M2AX07C9JM041295,1M2GR2GC0KM003665,1M2GR3GC2KM006945,1M2GR2GC1KM004100,1M2GR4GC4MM020970,1M2GR2GC5KM007114,1M1GR4GY1KM004495,1M2GR4GC0KM010160,1M2GR2GC8KM006328,1M2GR2GC1MM023863,1M2GR4GC9NM025955,1M2GR4GC5NM025919,1M2GR4GCXMM024697,1M2GR2GC6LM008645,1M1GR4GY5LM016456,1M2GR2GC9MM021343,1M2GR4GC6NM027596,1M2GR3GC4MM021367,1M2AX13C0KM042798,1M2GR2GC2MM024844,1M2GR2GC9KM005401,1M2GR4GC1KM009583,1M2GR4GC3MM021916,1M2GR2NC2KM001077,1M2GR3GCXKM010158,1M2GR2GC6KM001256,1M2GR4GC4MM021519,1M2AX13C4JM041166,1M2GR4GC2LM012977,1M2GR2NCXMM001718,1M2AX09C5JM040416,1M2GR2GC3MM016333,1M2GR4NC4MM001970,1M2AX18C4JM040723,1M2AX18C6KM042796,1M2GR3NC2LM001328,1M2AX07C9HM036804,1M2GR2GC3NM027317,1M2GR2GC9KM009061,1M2GR2GC3KM009069,1M2AX09C5JM035832,,,,,,,,,,,,,,,,,,,,,,,
2,1M2LR1GC0MM004777,1M1AX07Y5FM020516,1M1AW21Y2GM060478,1M1AW07Y5FM051784,1M1AW21YXFM051381,1M1AN09Y9FM019369,1M1AW07YXFM052607,1M1AW09Y8FM048133,1M1AW07Y6FM050269,1M1AW07Y8GM078527,1M2AW02Y1FM048691,1M1AW02Y0HM082869,1M2AN07YXFM018004,1M1AW09Y2GM056939,1M2AN07Y7FM018865,1M1AW07Y7GM060715,1M1AW07Y4GM054760,1M1AW02Y9FM043761,1M1AW31Y5FM048880,1M1AN09YXFM018585,1M1AN07Y7GM023733,1M1AW21YXGM053312,1M2AN07C1HM026192,1M1AW07Y0FM044144,1M1AW07Y2HM080873,,,,,,,,,,,,,,,,,,,,,,,,,,,,,,,,,,,,,,,,,,,,,,,,,
2,1M2LR1GC6NM005384,1M2AN07C1HM026192,1M1AW21Y2GM060478,1M1AX07Y5FM020516,1M2AN07Y7FM018865,1M1AW07Y7GM060715,1M1AW09Y8FM048133,1M2AN07YXFM018004,1M1AW07Y5FM051784,1M1AW07Y6FM050269,1M1AW07Y4GM054760,1M1AN09Y9FM019369,1M1AW21YXFM051381,1M2AW02Y1FM048691,1M1AW21YXGM053312,1M1AW09Y2GM056939,1M1AW07YXFM052607,1M1AN09YXFM018585,1M1AN07Y7GM023733,1M1AW07Y2HM080873,1M1AW02Y9FM043761,1M1AW31Y5FM048880,1M1AW07Y0FM044144,1M1AW07Y8GM078527,1M1AW02Y0HM082869,,,,,,,,,,,,,,,,,,,,,,,,,,,,,,,,,,,,,,,,,,,,,,,,,
2,1M2LR2GC6MM004501,1M1AX07Y5FM020516,1M1AW21Y2GM060478,1M1AW07Y5FM051784,1M1AW07Y7GM060715,1M2AW02Y1FM048691,1M1AW07Y4GM054760,1M2AN07Y7FM018865,1M1AN09Y9FM019369,1M2AN07C1HM026192,1M1AW21YXFM051381,1M1AW21YXGM053312,1M1AW07Y6FM050269,1M2AN07YXFM018004,1M1AW07Y2HM080873,1M1AW07Y0FM044144,1M1AW02Y9FM043761,1M1AN09YXFM018585,1M1AN07Y7GM023733,1M1AW09Y2GM056939,1M1AW07YXFM052607,1M1AW31Y5FM048880,1M1AW09Y8FM048133,1M1AW07Y8GM078527,1M1AW02Y0HM082869,,,,,,,,,,,,,,,,,,,,,,,,,,,,,,,,,,,,,,,,,,,,,,,,,
2,1M2TE1GC3LM004430,1M1AW21Y2GM060478,1M1AW21YXFM051381,1M1AX07Y5FM020516,1M1AN09Y9FM019369,1M2AN07YXFM018004,1M2AN07Y7FM018865,1M1AW09Y8FM048133,1M1AW07Y5FM051784,1M1AW07Y6FM050269,1M1AW07Y4GM054760,1M1AW09Y2GM056939,1M2AW02Y1FM048691,1M1AW21YXGM053312,1M1AN09YXFM018585,1M1AN07Y7GM023733,1M1AW07Y7GM060715,1M1AW07YXFM052607,1M2AN07C1HM026192,1M1AW02Y9FM043761,1M1AW07Y2HM080873,1M1AW07Y0FM044144,1M1AW07Y8GM078527,1M1AW31Y5FM048880,1M1AW02Y0HM082869,,,,,,,,,,,,,,,,,,,,,,,,,,,,,,,,,,,,,,,,,,,,,,,,,
2,1M2TE1GC5KM001222,1M2AN07YXFM018004,1M1AX07Y5FM020516,1M1AW21Y2GM060478,1M2AN07Y7FM018865,1M1AN09Y9FM019369,1M1AW21YXFM051381,1M2AW02Y1FM048691,1M1AW07YXFM052607,1M1AN09YXFM018585,1M1AW07Y5FM051784,1M1AW07Y6FM050269,1M1AW07Y4GM054760,1M1AW02Y0HM082869,1M1AW09Y8FM048133,1M1AW31Y5FM048880,1M1AW02Y9FM043761,1M1AW09Y2GM056939,1M1AW07Y7GM060715,1M1AW07Y0FM044144,1M1AW07Y8GM078527,1M1AN07Y7GM023733,1M1AW21YXGM053312,1M1AW07Y2HM080873,1M2AN07C1HM026192,,,,,,,,,,,,,,,,,,,,,,,,,,,,,,,,,,,,,,,,,,,,,,,,,
2,1M2TE2GC1MM005681,1M1AW21Y2GM060478,1M1AX07Y5FM020516,1M2AN07C1HM026192,1M1AW07Y6FM050269,1M1AW21YXFM051381,1M1AW07Y4GM054760,1M2AW02Y1FM048691,1M1AN09YXFM018585,1M2AN07Y7FM018865,1M1AW07YXFM052607,1M1AW07Y5FM051784,1M1AW21YXGM053312,1M1AW07Y7GM060715,1M2AN07YXFM018004,1M1AN07Y7GM023733,1M1AW02Y9FM043761,1M1AW07Y0FM044144,1M1AW07Y8GM078527,1M1AN09Y9FM019369,1M1AW09Y8FM048133,1M1AW07Y2HM080873,1M1AW31Y5FM048880,1M1AW09Y2GM056939,1M1AW02Y0HM082869,,,,,,,,,,,,,,,,,,,,,,,,,,,,,,,,,,,,,,,,,,,,,,,,,
2,1M2TE2GCXNM006586,1M1AW21Y2GM060478,1M1AX07Y5FM020516,1M2AN07Y7FM018865,1M2AN07C1HM026192,1M2AN07YXFM018004,1M1AW07Y4GM054760,1M1AW21YXFM051381,1M2AW02Y1FM048691,1M1AN09YXFM018585,1M1AW07Y5FM051784,1M1AW07Y7GM060715,1M1AN09Y9FM019369,1M1AW02Y9FM043761,1M1AW07Y6FM050269,1M1AW21YXGM053312,1M1AW07YXFM052607,1M1AW09Y2GM056939,1M1AW31Y5FM048880,1M1AW07Y2HM080873,1M1AW07Y0FM044144,1M1AW09Y8FM048133,1M1AN07Y7GM023733,1M1AW07Y8GM078527,1M1AW02Y0HM082869,,,,,,,,,,,,,,,,,,,,,,,,,,,,,,,,,,,,,,,,,,,,,,,,,
7,4V4MC9EG4FN916182,1M1AN4GY4KM003164,1M1AN4GY6MM020969,1M1AN3GY1KM003763,1M1AW02Y4JM085280,1M1AW09Y7HM084902,1M1AW07Y9JM085655,1M1AN3GY8LM016625,1M1AN3GY5LM018302,1M1AN4GY7KM008360,1M1AN09Y4JM026805,1M1AW01Y2KM011049,1M1AN3GY1NM023984,1M1AN4AY4KM001343,1M1PN4GY8LM006841,1M1AN2GY6NM023859,1M1PN4GY0KM003009,1M1AN3GY5LM015917,1M1AN3GY8MM022748,1M1PN4GY4LM006707,1M1PN4GY5MM007821,1M1AN4GY3LM018952,1M1AN4GY0MM021454,1M1PN3GY0LM005869,1M1AN4GY2KM003907,1M1PN3GY7LM005853,1M1AN2GY9MM022512,1M1AN4GY5LM015177,1M1AN4GY9LM017773,1M1PN4GY2LM006253,1M1AX04Y2HM037006,1M1PN3GY6LM005245,1M1AN4GY0LM019590,1M1AN07Y8JM028155,1M2PN3GC0MM007607,1M1AN4GY8LM014654,1M1PN4GY8MM007909,1M2PN4GC7LM006507,1M1PN4GY1KM003410,1M1AN4GYXKM001516,1M1PN4GY3LM003474,1M1AN4GY4MM020243,1M1AN07Y4JM028458,1M1AN4GY7KM008603,1M1AN4GY6LM018279,1M1PN4GY9LM001762,1M1PN4GY8LM005544,1M1AN4GY1LM009974,1M1AN07Y1JM028191,1M1AN4GY0LM014082,1M1PN4GY9MM007823,1M1GR4GY4LM016318,1M1AN4GY9LM016848,1M1PN4GY9NM009511,1M1AN4GY5MM021756,1M1PN4GY1MM007590,,,,,,,,,,,,,,,,,,
5,4V4NC9EG5JN999215,4V4NC9EG3JN898643,4V4NC9EH7JN886777,4V4NC9EH8JN996124,4V4NC9EJ4JN885783,4V4NC9EH0JN888726,4V4NC9EG7JN891663,4V4NC9EH9JN998383,4V4NC9EH6JN990449,4V4NC9EH4JN894027,4V4NC9EH5JN965851,4V4NC9EH0JN890248,4V4NC9EH9HN981206,4V4NC9EH1JN993775,4V4NC9EH3HN992332,4V4NC9EH6JN885233,4V4NC9EH7HN977638,4V4NC9DG2JN999173,4V4NC9EJ4JN888070,4V5RC9DH8JN995389,4V5KC9EH9HN986758,4V5K99EH4JN992875,,,,,,,,,,,,,,,,,,,,,,,,,,,,,,,,,,,,,,,,,,,,,,,,,,,,
7,4V4NC9EG7FN176292,1M1AW07Y9JM085655,1M1AN4GY4KM003164,1M1AN4GY6MM020969,1M1AN3GY1KM003763,1M1AN3GY5LM018302,1M1AW02Y4JM085280,1M1PN3GY0LM005869,1M1PN3GY7LM005853,1M1AN4GYXKM001516,1M1AN09Y4JM026805,1M1AN4GY5LM015177,1M1AN4GY8LM014654,1M1AW09Y7HM084902,1M1AN3GY5LM015917,1M1PN4GY5MM007821,1M1AN4GY7KM008360,1M1AN4GY0MM021454,1M1AN3GY1NM023984,1M1AN2GY9MM022512,1M1AN07Y4JM028458,1M1PN4GY8LM006841,1M1AN4GY2KM003907,1M1AN3GY8LM016625,1M1AN4GY3LM018952,1M1AN2GY6NM023859,1M1PN4GY0KM003009,1M1PN4GY3LM003474,1M1AX04Y2HM037006,1M1AN4AY4KM001343,1M1PN4GY2LM006253,1M1AN4GY7KM008603,1M1AN4GY9LM017773,1M1AN07Y8JM028155,1M1PN3GY6LM005245,1M1AN4GY0LM019590,1M1PN4GY9LM001762,1M1PN4GY4LM006707,1M1AN4GY6LM018279,1M1AN4GY1LM009974,1M2PN3GC0MM007607,1M1AN4GY0LM014082,1M1GR4GY4LM016318,1M1PN4GY8MM007909,1M1AN3GY8MM022748,1M1PN4GY1KM003410,1M1AN07Y1JM028191,1M1AN4GY5MM021756,1M1AN4GY4MM020243,1M2PN4GC7LM006507,1M1AW01Y2KM011049,1M1PN4GY8LM005544,1M1PN4GY9MM007823,1M1PN4GY9NM009511,1M1AN4GY9LM016848,1M1PN4GY1MM007590,,,,,,,,,,,,,,,,,,
7,4V4NC9EH0FN925202,1M1AN4GY3LM018952,1M1AN3GY1KM003763,1M1AN4GY9LM017773,1M1AN4GYXKM001516,1M1AN4GY6MM020969,1M1AN4GY7KM008360,1M1AN4GY5LM015177,1M1AN4GY5MM021756,1M1AN3GY5LM018302,1M1AN4GY7KM008603,1M1AN3GY1NM023984,1M1PN4GY0KM003009,1M1AW07Y9JM085655,1M1PN4GY8LM005544,1M1AN4GY0LM014082,1M1AN4GY4KM003164,1M1PN4GY5MM007821,1M1AN4GY0MM021454,1M1PN4GY1MM007590,1M1AW09Y7HM084902,1M1PN4GY8LM006841,1M1AN3GY5LM015917,1M1AN4GY1LM009974,1M1PN4GY3LM003474,1M1PN4GY2LM006253,1M1AN4GY8LM014654,1M1AN4AY4KM001343,1M1PN4GY9LM001762,1M1PN4GY4LM006707,1M1AN2GY9MM022512,1M1AN4GY4MM020243,1M1AN07Y8JM028155,1M1AN07Y4JM028458,1M1PN4GY8MM007909,1M1AN4GY2KM003907,1M1AN2GY6NM023859,1M1PN4GY1KM003410,1M1AN07Y1JM028191,1M2PN4GC7LM006507,1M1AN09Y4JM026805,1M1PN3GY0LM005869,1M1GR4GY4LM016318,1M1PN3GY7LM005853,1M1PN4GY9NM009511,1M2PN3GC0MM007607,1M1PN4GY9MM007823,1M1AN4GY9LM016848,1M1AN4GY0LM019590,1M1AW02Y4JM085280,1M1PN3GY6LM005245,1M1AN4GY6LM018279,1M1AN3GY8LM016625,1M1AX04Y2HM037006,1M1AN3GY8MM022748,1M1AW01Y2KM011049,,,,,,,,,,,,,,,,,,
7,4V4NC9EH1FN926178,1M1AN4GY7KM008603,1M1AN4GY5LM015177,1M1AN4GYXKM001516,1M1AN4GY0LM019590,1M1AN4GY8LM014654,1M1AN2GY6NM023859,1M1AN3GY1KM003763,1M1AN4GY6MM020969,1M1AW07Y9JM085655,1M1AN3GY5LM015917,1M1AN4GY7KM008360,1M1AN3GY5LM018302,1M1AN4GY3LM018952,1M1PN4GY5MM007821,1M1AN4GY2KM003907,1M1AN4GY9LM016848,1M1AW09Y7HM084902,1M1AN4GY0MM021454,1M1AN4GY4KM003164,1M1PN4GY0KM003009,1M1PN4GY8LM006841,1M1PN4GY3LM003474,1M1AN4GY9LM017773,1M1AN3GY1NM023984,1M1PN4GY1MM007590,1M1AN2GY9MM022512,1M1AN4GY1LM009974,1M1AN07Y4JM028458,1M1PN4GY4LM006707,1M1PN4GY2LM006253,1M1AW01Y2KM011049,1M1PN4GY1KM003410,1M1PN4GY9MM007823,1M1AN3GY8LM016625,1M1PN3GY0LM005869,1M1AN09Y4JM026805,1M1PN3GY7LM005853,1M1AN4AY4KM001343,1M1AN4GY5MM021756,1M1PN4GY8LM005544,1M1PN4GY8MM007909,1M1AN4GY4MM020243,1M1PN4GY9LM001762,1M1AN4GY6LM018279,1M1AW02Y4JM085280,1M1AN07Y1JM028191,1M1AN07Y8JM028155,1M2PN3GC0MM007607,1M1AN4GY0LM014082,1M1AN3GY8MM022748,1M2PN4GC7LM006507,1M1PN4GY9NM009511,1M1GR4GY4LM016318,1M1AX04Y2HM037006,1M1PN3GY6LM005245,,,,,,,,,,,,,,,,,,
5,4V4NC9EH1HN977974,4V4NC9EH9HN981206,4V4NC9EH7HN977638,4V4NC9EH0JN888726,4V4NC9EH4JN894027,4V4NC9EH0JN890248,4V4NC9EH8JN996124,4V4NC9EG3JN898643,4V4NC9EH6JN990449,4V4NC9EJ4JN885783,4V4NC9EH5JN965851,4V4NC9EH7JN886777,4V4NC9EH9JN998383,4V4NC9EG7JN891663,4V4NC9EH6JN885233,4V4NC9EH3HN992332,4V4NC9EH1JN993775,4V4NC9DG2JN999173,4V4NC9EJ4JN888070,4V5KC9EH9HN986758,4V5RC9DH8JN995389,4V5K99EH4JN992875,,,,,,,,,,,,,,,,,,,,,,,,,,,,,,,,,,,,,,,,,,,,,,,,,,,,
5,4V4NC9EH1LN222154,4V4NC9EH0JN888726,4V4NC9EH8JN996124,4V4NC9EH9JN998383,4V4NC9EJ4JN885783,4V4NC9EH7HN977638,4V4NC9EH0JN890248,4V4NC9EH4JN894027,4V4NC9EH5JN965851,4V4NC9EG3JN898643,4V4NC9EH6JN990449,4V4NC9DG2JN999173,4V4NC9EH7JN886777,4V4NC9EH6JN885233,4V4NC9EG7JN891663,4V4NC9EH1JN993775,4V4NC9EJ4JN888070,4V4NC9EH9HN981206,4V4NC9EH3HN992332,4V5RC9DH8JN995389,4V5KC9EH9HN986758,4V5K99EH4JN992875,,,,,,,,,,,,,,,,,,,,,,,,,,,,,,,,,,,,,,,,,,,,,,,,,,,,
5,4V4NC9EH1LN241593,4V4NC9EH4JN894027,4V4NC9EH0JN890248,4V4NC9EG3JN898643,4V4NC9EH8JN996124,4V4NC9EG7JN891663,4V4NC9EH0JN888726,4V4NC9EH6JN990449,4V4NC9EH9JN998383,4V4NC9EH7JN886777,4V4NC9EJ4JN885783,4V4NC9EH5JN965851,4V4NC9EH6JN885233,4V4NC9EH7HN977638,4V4NC9EH1JN993775,4V4NC9EH3HN992332,4V4NC9EH9HN981206,4V4NC9EJ4JN888070,4V4NC9DG2JN999173,4V5RC9DH8JN995389,4V5KC9EH9HN986758,4V5K99EH4JN992875,,,,,,,,,,,,,,,,,,,,,,,,,,,,,,,,,,,,,,,,,,,,,,,,,,,,
1,4V4NC9EH1MN246181,4V4NC9EG8JN899593,4V4NC9EG5LN257139,4V4NC9EG2LN246390,4V4NC9EH8KN240102,4V4WC9EH2KN214518,4V4WC9EG2LN261864,4V4WC9EG4LN260554,4V4NC9EH8LN255913,4V4WC9EG3MN287116,4V4WC9DG4KN217073,4V4WC9EH6KN242256,4V4WC9EH4LN225148,4V4WC9DH4LN265134,4V4W19EH9JN893384,4V4WC9EH5KN209202,4V4NC9EG3LN263585,4V4WC9EH1KN192723,4V4WC9EG1LN225552,4V4NC9EH1MN276409,4V4NC9EH1LN241254,4V4NC9EHXKN192473,4V4WC9DH7KN218095,4V4WC9EG7LN236927,4V4WC9EGXKN242204,4V4W19EG5MN274390,4V4NC9EG1KN900777,4V4WC9EG5KN907347,4V4N19EH9KN871897,4V4WC9EH0LN225230,4V4WC9EH7JN902268,4V4MC9DG8JN888753,4V4W19EG0KN873954,4V4W39EG9KN208870,4V4W19EGXLN244378,4V4NB9EH3LN247690,4V4W19EG7MN285388,4V4W19EG4MN285302,4V4W19EG3MN285307,4V4NC9EH3JN889658,4V4W19EG4KN901898,4V4WG9EJ7NN298797,4V5KC9EHXMN280778,4V4NB9EH8KN210861,4V5RC9EH6KN235039,4V5KC9DF0LN267455,4V4NB9EH7JN902351,4V5KC9EH5KN195683,,,,,,,,,,,,,,,,,,,,,,,,,,
1,4V4NC9EH1NN288027,4V4NC9EH8KN240102,4V4WC9EH2KN214518,4V4NC9EG2LN246390,4V4NC9EG8JN899593,4V4WC9EG2LN261864,4V4NC9EH8LN255913,4V4WC9EG4LN260554,4V4NC9EG3LN263585,4V4WC9DH4LN265134,4V4NC9EG5LN257139,4V4NC9EH1LN241254,4V4WC9EH6KN242256,4V4WC9EG3MN287116,4V4WC9EH4LN225148,4V4WC9EH5KN209202,4V4WC9EH1KN192723,4V4WC9DG4KN217073,4V4WC9EG1LN225552,4V4WC9EGXKN242204,4V4W19EH9JN893384,4V4NC9EHXKN192473,4V4NC9EG1KN900777,4V4WG9EJ7NN298797,4V4WC9DH7KN218095,4V4NC9EH1MN276409,4V4W19EG3MN285307,4V4N19EH9KN871897,4V4W19EG7MN285388,4V4W19EG5MN274390,4V4W19EG4MN285302,4V4WC9EG5KN907347,4V4WC9EG7LN236927,4V4WC9EH7JN902268,4V4WC9EH0LN225230,4V4MC9DG8JN888753,4V4NB9EH3LN247690,4V4W19EGXLN244378,4V4W19EG0KN873954,4V4NC9EH3JN889658,4V4W39EG9KN208870,4V4W19EG4KN901898,4V5KC9EHXMN280778,4V5RC9EH6KN235039,4V4NB9EH8KN210861,4V4NB9EH7JN902351,4V5KC9DF0LN267455,4V5KC9EH5KN195683,,,,,,,,,,,,,,,,,,,,,,,,,,
5,4V4NC9EH2LN230666,4V4NC9EH0JN890248,4V4NC9EH8JN996124,4V4NC9EG3JN898643,4V4NC9EH6JN990449,4V4NC9EJ4JN885783,4V4NC9EH0JN888726,4V4NC9EH4JN894027,4V4NC9EH5JN965851,4V4NC9EH9JN998383,4V4NC9EH7JN886777,4V4NC9EG7JN891663,4V4NC9EH6JN885233,4V4NC9EH9HN981206,4V4NC9EH1JN993775,4V4NC9EH7HN977638,4V4NC9EH3HN992332,4V4NC9EJ4JN888070,4V4NC9DG2JN999173,4V5RC9DH8JN995389,4V5KC9EH9HN986758,4V5K99EH4JN992875,,,,,,,,,,,,,,,,,,,,,,,,,,,,,,,,,,,,,,,,,,,,,,,,,,,,
5,4V4NC9EH3KN232876,4V4NC9EH0JN890248,4V4NC9EJ4JN885783,4V4NC9EH4JN894027,4V4NC9EH8JN996124,4V4NC9EH5JN965851,4V4NC9EG3JN898643,4V4NC9EH0JN888726,4V4NC9EH6JN990449,4V4NC9EH9JN998383,4V4NC9EG7JN891663,4V4NC9EH7JN886777,4V4NC9EH9HN981206,4V4NC9EH7HN977638,4V4NC9EH6JN885233,4V4NC9DG2JN999173,4V4NC9EJ4JN888070,4V4NC9EH1JN993775,4V4NC9EH3HN992332,4V5RC9DH8JN995389,4V5KC9EH9HN986758,4V5K99EH4JN992875,,,,,,,,,,,,,,,,,,,,,,,,,,,,,,,,,,,,,,,,,,,,,,,,,,,,
5,4V4NC9EH4KN195739,4V4NC9EG3JN898643,4V4NC9EH5JN965851,4V4NC9EH4JN894027,4V4NC9EG7JN891663,4V4NC9EJ4JN885783,4V4NC9EH6JN990449,4V4NC9EH8JN996124,4V4NC9EH7JN886777,4V4NC9EH0JN890248,4V4NC9EH0JN888726,4V4NC9EH1JN993775,4V4NC9EH9HN981206,4V4NC9EH9JN998383,4V4NC9EH3HN992332,4V4NC9EH6JN885233,4V4NC9EJ4JN888070,4V4NC9EH7HN977638,4V4NC9DG2JN999173,4V5RC9DH8JN995389,4V5KC9EH9HN986758,4V5K99EH4JN992875,,,,,,,,,,,,,,,,,,,,,,,,,,,,,,,,,,,,,,,,,,,,,,,,,,,,
5,4V4NC9EH4KN201457,4V4NC9EH4JN894027,4V4NC9EG3JN898643,4V4NC9EH5JN965851,4V4NC9EH7JN886777,4V4NC9EJ4JN885783,4V4NC9EH6JN990449,4V4NC9EG7JN891663,4V4NC9EH0JN890248,4V4NC9EH0JN888726,4V4NC9EH8JN996124,4V4NC9EH1JN993775,4V4NC9EH9JN998383,4V4NC9EH3HN992332,4V4NC9EH9HN981206,4V4NC9DG2JN999173,4V4NC9EH7HN977638,4V4NC9EH6JN885233,4V4NC9EJ4JN888070,4V5RC9DH8JN995389,4V5KC9EH9HN986758,4V5K99EH4JN992875,,,,,,,,,,,,,,,,,,,,,,,,,,,,,,,,,,,,,,,,,,,,,,,,,,,,
5,4V4NC9EH4LN221158,4V4NC9EH0JN890248,4V4NC9EH4JN894027,4V4NC9EH8JN996124,4V4NC9EJ4JN885783,4V4NC9EH5JN965851,4V4NC9EH0JN888726,4V4NC9EG3JN898643,4V4NC9EH6JN990449,4V4NC9EH9JN998383,4V4NC9EH7HN977638,4V4NC9EG7JN891663,4V4NC9EH9HN981206,4V4NC9EH7JN886777,4V4NC9EH6JN885233,4V4NC9DG2JN999173,4V4NC9EH1JN993775,4V4NC9EH3HN992332,4V4NC9EJ4JN888070,4V5RC9DH8JN995389,4V5KC9EH9HN986758,4V5K99EH4JN992875,,,,,,,,,,,,,,,,,,,,,,,,,,,,,,,,,,,,,,,,,,,,,,,,,,,,
5,4V4NC9EH4LN252734,4V4NC9EH0JN890248,4V4NC9EH8JN996124,4V4NC9EJ4JN885783,4V4NC9EH4JN894027,4V4NC9EH0JN888726,4V4NC9EH5JN965851,4V4NC9EG3JN898643,4V4NC9EH6JN990449,4V4NC9EH7JN886777,4V4NC9EG7JN891663,4V4NC9EH7HN977638,4V4NC9EH9HN981206,4V4NC9EH9JN998383,4V4NC9EH6JN885233,4V4NC9DG2JN999173,4V4NC9EH1JN993775,4V4NC9EH3HN992332,4V4NC9EJ4JN888070,4V5RC9DH8JN995389,4V5KC9EH9HN986758,4V5K99EH4JN992875,,,,,,,,,,,,,,,,,,,,,,,,,,,,,,,,,,,,,,,,,,,,,,,,,,,,
5,4V4NC9EH4MN262200,4V4NC9EH8JN996124,4V4NC9EJ4JN885783,4V4NC9EH0JN890248,4V4NC9EH5JN965851,4V4NC9EH0JN888726,4V4NC9EH4JN894027,4V4NC9EG3JN898643,4V4NC9EH7HN977638,4V4NC9EH9JN998383,4V4NC9EH6JN990449,4V4NC9EH7JN886777,4V4NC9EG7JN891663,4V4NC9EH9HN981206,4V4NC9EH6JN885233,4V4NC9DG2JN999173,4V4NC9EH1JN993775,4V4NC9EH3HN992332,4V4NC9EJ4JN888070,4V5RC9DH8JN995389,4V5KC9EH9HN986758,4V5K99EH4JN992875,,,,,,,,,,,,,,,,,,,,,,,,,,,,,,,,,,,,,,,,,,,,,,,,,,,,
7,4V4NC9EH5FN185047,1M1AN4GY6MM020969,1M1AN4GY0MM021454,1M1AW09Y7HM084902,1M1AN3GY1KM003763,1M1AN4GY5LM015177,1M1AN4GY7KM008360,1M1AN4GY4KM003164,1M1AN3GY5LM018302,1M1PN4GY0KM003009,1M1AW07Y9JM085655,1M1AN4GYXKM001516,1M1PN4GY5MM007821,1M1AN4GY2KM003907,1M1AN3GY5LM015917,1M1AN3GY1NM023984,1M1PN4GY8LM006841,1M1AN2GY6NM023859,1M1AN4GY8LM014654,1M1AN4AY4KM001343,1M1AN4GY3LM018952,1M1AN2GY9MM022512,1M1AN07Y4JM028458,1M2PN3GC0MM007607,1M1AN4GY7KM008603,1M1PN4GY1KM003410,1M1AN3GY8MM022748,1M1AN4GY1LM009974,1M1PN4GY3LM003474,1M1AN4GY4MM020243,1M1PN4GY2LM006253,1M1PN4GY8MM007909,1M1PN4GY4LM006707,1M1AW02Y4JM085280,1M1AN3GY8LM016625,1M1PN4GY8LM005544,1M2PN4GC7LM006507,1M1AN4GY0LM019590,1M1PN3GY7LM005853,1M1PN3GY0LM005869,1M1AN4GY6LM018279,1M1AN09Y4JM026805,1M1AN4GY5MM021756,1M1AN4GY9LM017773,1M1PN3GY6LM005245,1M1AX04Y2HM037006,1M1AN4GY0LM014082,1M1PN4GY9MM007823,1M1PN4GY9LM001762,1M1AN07Y1JM028191,1M1AW01Y2KM011049,1M1AN07Y8JM028155,1M1PN4GY1MM007590,1M1PN4GY9NM009511,1M1AN4GY9LM016848,1M1GR4GY4LM016318,,,,,,,,,,,,,,,,,,
5,4V4NC9EH5KN207395,4V4NC9EH0JN890248,4V4NC9EJ4JN885783,4V4NC9EH8JN996124,4V4NC9EH0JN888726,4V4NC9EH6JN990449,4V4NC9EH5JN965851,4V4NC9EH4JN894027,4V4NC9EG3JN898643,4V4NC9EH9JN998383,4V4NC9EH7JN886777,4V4NC9EG7JN891663,4V4NC9EH7HN977638,4V4NC9EH9HN981206,4V4NC9EH6JN885233,4V4NC9DG2JN999173,4V4NC9EH1JN993775,4V4NC9EJ4JN888070,4V4NC9EH3HN992332,4V5RC9DH8JN995389,4V5KC9EH9HN986758,4V5K99EH4JN992875,,,,,,,,,,,,,,,,,,,,,,,,,,,,,,,,,,,,,,,,,,,,,,,,,,,,
1,4V4NC9EH5NN601810,4V4WC9EG3MN287116,4V4WC9EG2LN261864,4V4WC9EG4LN260554,4V4WC9EH2KN214518,4V4NC9EG2LN246390,4V4NC9EG5LN257139,4V4NC9EG8JN899593,4V4WC9EG1LN225552,4V4WC9EH6KN242256,4V4NC9EH1MN276409,4V4NC9EH8KN240102,4V4NC9EH8LN255913,4V4NC9EG3LN263585,4V4WC9EH5KN209202,4V4WC9EGXKN242204,4V4WC9EH4LN225148,4V4NC9EH1LN241254,4V4WC9DG4KN217073,4V4WC9EH1KN192723,4V4W19EH9JN893384,4V4WC9EG7LN236927,4V4NC9EG1KN900777,4V4WC9DH4LN265134,4V4WC9DH7KN218095,4V4NC9EHXKN192473,4V4W19EG5MN274390,4V4WC9EG5KN907347,4V4W19EGXLN244378,4V4N19EH9KN871897,4V4MC9DG8JN888753,4V4NB9EH3LN247690,4V4W19EG4MN285302,4V4W19EG3MN285307,4V4W19EG7MN285388,4V4NC9EH3JN889658,4V4WC9EH0LN225230,4V4W19EG0KN873954,4V4WG9EJ7NN298797,4V4W39EG9KN208870,4V4WC9EH7JN902268,4V5KC9EHXMN280778,4V4W19EG4KN901898,4V5KC9DF0LN267455,4V5RC9EH6KN235039,4V4NB9EH8KN210861,4V4NB9EH7JN902351,4V5KC9EH5KN195683,,,,,,,,,,,,,,,,,,,,,,,,,,
5,4V4NC9EH6JN889010,4V4NC9EH0JN890248,4V4NC9EH8JN996124,4V4NC9EH4JN894027,4V4NC9EH0JN888726,4V4NC9EJ4JN885783,4V4NC9EH9JN998383,4V4NC9EH5JN965851,4V4NC9EG3JN898643,4V4NC9EH7HN977638,4V4NC9EH6JN990449,4V4NC9DG2JN999173,4V4NC9EH7JN886777,4V4NC9EG7JN891663,4V4NC9EH6JN885233,4V4NC9EH9HN981206,4V4NC9EH1JN993775,4V4NC9EJ4JN888070,4V4NC9EH3HN992332,4V5RC9DH8JN995389,4V5KC9EH9HN986758,4V5K99EH4JN992875,,,,,,,,,,,,,,,,,,,,,,,,,,,,,,,,,,,,,,,,,,,,,,,,,,,,
9,4V4NC9EH6JN895809,4V4NC9EH1GN973843,4V4MC9EH0GN180979,4V4NC9EH8GN975220,4V4NC9EH9FN930334,4V4NC9DG4GN972274,4V4MC9DG2GN947904,4V4NC9EG2GN952104,4V4MC9EG2FN918772,4V4NC9EG4FN931432,4V4NC9EH5FN182410,4V4MC9EJ3GN970070,4V4NC9EG5FN178140,4V4NC9EG5FN183211,4V4NC9EG3FN190917,4V4NC9EH7GN180708,4V4MC9EH9FN916400,4V4NC9EH3FN176914,4V4NC9EG9FN916232,4V4NC9EJXFN911035,4V4MC9EGXFN916574,4V4NC9EH9FN180580,4V4N39EG8FN185891,4V4NC9EG8FN176267,4V5RC9DG1GN965134,4V5K99EH0FN924452,,,,,,,,,,,,,,,,,,,,,,,,,,,,,,,,,,,,,,,,,,,,,,,,
5,4V4NC9EH6JN979872,4V4NC9EH0JN888726,4V4NC9EH0JN890248,4V4NC9EH8JN996124,4V4NC9EH7HN977638,4V4NC9EH9JN998383,4V4NC9EH4JN894027,4V4NC9EJ4JN885783,4V4NC9EH5JN965851,4V4NC9DG2JN999173,4V4NC9EG3JN898643,4V4NC9EH6JN990449,4V4NC9EH7JN886777,4V4NC9EH9HN981206,4V4NC9EG7JN891663,4V4NC9EJ4JN888070,4V4NC9EH6JN885233,4V4NC9EH1JN993775,4V4NC9EH3HN992332,4V5RC9DH8JN995389,4V5KC9EH9HN986758,4V5K99EH4JN992875,,,,,,,,,,,,,,,,,,,,,,,,,,,,,,,,,,,,,,,,,,,,,,,,,,,,
5,4V4NC9EH6KN904736,4V4NC9EH0JN888726,4V4NC9EH9JN998383,4V4NC9EH8JN996124,4V4NC9EH0JN890248,4V4NC9EH7HN977638,4V4NC9EJ4JN885783,4V4NC9EH4JN894027,4V4NC9EH5JN965851,4V4NC9EH6JN990449,4V4NC9EG3JN898643,4V4NC9DG2JN999173,4V4NC9EH7JN886777,4V4NC9EH6JN885233,4V4NC9EG7JN891663,4V4NC9EH9HN981206,4V4NC9EH1JN993775,4V4NC9EJ4JN888070,4V4NC9EH3HN992332,4V5RC9DH8JN995389,4V5K99EH4JN992875,4V5KC9EH9HN986758,,,,,,,,,,,,,,,,,,,,,,,,,,,,,,,,,,,,,,,,,,,,,,,,,,,,
7,4V4NC9EH7FN925424,1M1AN4GY3LM018952,1M1AN3GY1KM003763,1M1AN4GY5LM015177,1M1AN4GY5MM021756,1M1AN4GY9LM017773,1M1AN4GY7KM008360,1M1AN4GYXKM001516,1M1AN4GY0MM021454,1M1AN4GY7KM008603,1M1AN4AY4KM001343,1M1AN4GY0LM014082,1M1AN3GY1NM023984,1M1AN4GY6MM020969,1M1PN4GY0KM003009,1M1AW07Y9JM085655,1M1AN3GY5LM018302,1M1PN4GY8LM006841,1M1AN3GY5LM015917,1M1PN4GY1MM007590,1M1PN4GY8LM005544,1M1AN4GY1LM009974,1M1PN4GY5MM007821,1M1PN4GY4LM006707,1M1PN4GY9LM001762,1M1AN4GY4KM003164,1M1PN4GY3LM003474,1M1AN4GY4MM020243,1M1PN4GY2LM006253,1M1AW09Y7HM084902,1M1AN2GY9MM022512,1M1AN07Y8JM028155,1M1AN2GY6NM023859,1M1AN4GY8LM014654,1M1PN4GY8MM007909,1M1PN4GY1KM003410,1M1AN07Y4JM028458,1M1AN4GY2KM003907,1M1PN4GY9NM009511,1M1PN4GY9MM007823,1M1AN07Y1JM028191,1M1AN4GY9LM016848,1M1PN3GY7LM005853,1M1PN3GY0LM005869,1M1GR4GY4LM016318,1M2PN3GC0MM007607,1M2PN4GC7LM006507,1M1AN09Y4JM026805,1M1PN3GY6LM005245,1M1AW02Y4JM085280,1M1AN4GY0LM019590,1M1AN4GY6LM018279,1M1AX04Y2HM037006,1M1AN3GY8MM022748,1M1AW01Y2KM011049,1M1AN3GY8LM016625,,,,,,,,,,,,,,,,,,
9,4V4NC9EH7NN289229,4V4NC9EH1GN973843,4V4NC9EH8GN975220,4V4NC9EG3FN190917,4V4MC9EJ3GN970070,4V4NC9EH7GN180708,4V4NC9EH9FN180580,4V4MC9EH0GN180979,4V4NC9EG4FN931432,4V4NC9EG2GN952104,4V4NC9EG9FN916232,4V4NC9EH3FN176914,4V4NC9EH9FN930334,4V4NC9EG5FN183211,4V4NC9DG4GN972274,4V4N39EG8FN185891,4V4NC9EH5FN182410,4V4NC9EJXFN911035,4V4MC9DG2GN947904,4V4NC9EG8FN176267,4V4NC9EG5FN178140,4V4MC9EH9FN916400,4V4MC9EG2FN918772,4V4MC9EGXFN916574,4V5RC9DG1GN965134,4V5K99EH0FN924452,,,,,,,,,,,,,,,,,,,,,,,,,,,,,,,,,,,,,,,,,,,,,,,,
5,4V4NC9EH8KN212428,4V4NC9EJ4JN888070,4V4NC9EJ4JN885783,4V4NC9EH8JN996124,4V4NC9EH0JN888726,4V4NC9DG2JN999173,4V4NC9EH4JN894027,4V4NC9EH0JN890248,4V4NC9EH6JN990449,4V4NC9EH7HN977638,4V4NC9EG3JN898643,4V4NC9EH5JN965851,4V4NC9EG7JN891663,4V4NC9EH9JN998383,4V4NC9EH7JN886777,4V4NC9EH1JN993775,4V4NC9EH6JN885233,4V4NC9EH3HN992332,4V4NC9EH9HN981206,4V5KC9EH9HN986758,4V5K99EH4JN992875,4V5RC9DH8JN995389,,,,,,,,,,,,,,,,,,,,,,,,,,,,,,,,,,,,,,,,,,,,,,,,,,,,
5,4V4NC9EH9KN903967,4V4NC9EH4JN894027,4V4NC9EG3JN898643,4V4NC9EH5JN965851,4V4NC9EH7JN886777,4V4NC9EH6JN990449,4V4NC9EJ4JN885783,4V4NC9EG7JN891663,4V4NC9EH0JN890248,4V4NC9EH0JN888726,4V4NC9EH8JN996124,4V4NC9EH1JN993775,4V4NC9EH3HN992332,4V4NC9EH9JN998383,4V4NC9EH9HN981206,4V4NC9DG2JN999173,4V4NC9EH7HN977638,4V4NC9EJ4JN888070,4V4NC9EH6JN885233,4V5RC9DH8JN995389,4V5KC9EH9HN986758,4V5K99EH4JN992875,,,,,,,,,,,,,,,,,,,,,,,,,,,,,,,,,,,,,,,,,,,,,,,,,,,,
5,4V4NC9EH9LN228252,4V4NC9EH0JN890248,4V4NC9EH4JN894027,4V4NC9EJ4JN885783,4V4NC9EH8JN996124,4V4NC9EH0JN888726,4V4NC9EH5JN965851,4V4NC9EG3JN898643,4V4NC9EG7JN891663,4V4NC9EH7HN977638,4V4NC9EH6JN990449,4V4NC9EH7JN886777,4V4NC9EH6JN885233,4V4NC9EH9JN998383,4V4NC9EH9HN981206,4V4NC9EH3HN992332,4V4NC9EH1JN993775,4V4NC9EJ4JN888070,4V4NC9DG2JN999173,4V5RC9DH8JN995389,4V5KC9EH9HN986758,4V5K99EH4JN992875,,,,,,,,,,,,,,,,,,,,,,,,,,,,,,,,,,,,,,,,,,,,,,,,,,,,
5,4V4NC9EH9LN254348,4V4NC9EH0JN888726,4V4NC9EH9JN998383,4V4NC9EH8JN996124,4V4NC9EH7HN977638,4V4NC9EJ4JN885783,4V4NC9EH4JN894027,4V4NC9EH0JN890248,4V4NC9EH5JN965851,4V4NC9EH1JN993775,4V4NC9DG2JN999173,4V4NC9EH3HN992332,4V4NC9EG3JN898643,4V4NC9EH7JN886777,4V4NC9EJ4JN888070,4V4NC9EG7JN891663,4V4NC9EH6JN885233,4V4NC9EH6JN990449,4V4NC9EH9HN981206,4V5RC9DH8JN995389,4V5KC9EH9HN986758,4V5K99EH4JN992875,,,,,,,,,,,,,,,,,,,,,,,,,,,,,,,,,,,,,,,,,,,,,,,,,,,,
9,4V4NC9EH9NN289555,4V4NC9EH1GN973843,4V4MC9EJ3GN970070,4V4MC9EH0GN180979,4V4NC9EH8GN975220,4V4NC9EG4FN931432,4V4NC9DG4GN972274,4V4NC9EG2GN952104,4V4NC9EG3FN190917,4V4N39EG8FN185891,4V4NC9EH7GN180708,4V4NC9EG5FN183211,4V4NC9EH9FN930334,4V4NC9EH3FN176914,4V4NC9EH9FN180580,4V4NC9EH5FN182410,4V4NC9EG5FN178140,4V4MC9EH9FN916400,4V4MC9DG2GN947904,4V4MC9EG2FN918772,4V4MC9EGXFN916574,4V4NC9EG9FN916232,4V4NC9EJXFN911035,4V4NC9EG8FN176267,4V5RC9DG1GN965134,4V5K99EH0FN924452,,,,,,,,,,,,,,,,,,,,,,,,,,,,,,,,,,,,,,,,,,,,,,,,
7,4V4NC9EJ2FN910512,1M1AN4GY5MM021756,1M1PN4GY1MM007590,1M1PN4GY8LM005544,1M1AN4GY7KM008603,1M1AN4GY3LM018952,1M1PN4GY0KM003009,1M1AN4GY0LM014082,1M1AN4GYXKM001516,1M1PN4GY8MM007909,1M1AN3GY1KM003763,1M1AN4GY9LM017773,1M1AN4GY1LM009974,1M1PN4GY8LM006841,1M1PN4GY5MM007821,1M1AN4GY6MM020969,1M1PN4GY4LM006707,1M1PN4GY3LM003474,1M1PN4GY9LM001762,1M1AN4GY5LM015177,1M1PN4GY2LM006253,1M1AN3GY5LM018302,1M1AN4GY4MM020243,1M1AN4GY7KM008360,1M1PN4GY9NM009511,1M1AN3GY5LM015917,1M1AW07Y9JM085655,1M1AN3GY1NM023984,1M1AN07Y1JM028191,1M1AN4AY4KM001343,1M1AN4GY0MM021454,1M1AN4GY9LM016848,1M1PN4GY9MM007823,1M1PN4GY1KM003410,1M1AW09Y7HM084902,1M1AN07Y8JM028155,1M1AN4GY8LM014654,1M1AN4GY4KM003164,1M1AN07Y4JM028458,1M2PN3GC0MM007607,1M2PN4GC7LM006507,1M1AN4GY0LM019590,1M1AN2GY9MM022512,1M1GR4GY4LM016318,1M1AN4GY2KM003907,1M1PN3GY6LM005245,1M1AN09Y4JM026805,1M1AW02Y4JM085280,1M1PN3GY7LM005853,1M1PN3GY0LM005869,1M1AN2GY6NM023859,1M1AN4GY6LM018279,1M1AX04Y2HM037006,1M1AN3GY8LM016625,1M1AN3GY8MM022748,1M1AW01Y2KM011049,,,,,,,,,,,,,,,,,,
7,4V4NC9EJ3GN947618,1M1AN4GY4KM003164,1M1AN4GY2KM003907,1M1AN4GY7KM008603,1M1AW07Y9JM085655,1M1AN4GY9LM016848,1M1AN4GY0LM019590,1M1AN3GY1KM003763,1M1AN2GY6NM023859,1M1AN09Y4JM026805,1M1PN4GY9LM001762,1M1AN3GY5LM018302,1M1AN4GY6MM020969,1M1PN3GY7LM005853,1M1PN3GY0LM005869,1M1AN07Y4JM028458,1M1AN4GY7KM008360,1M1PN4GY0KM003009,1M1AW01Y2KM011049,1M1AN4GY6LM018279,1M1AW02Y4JM085280,1M1PN4GY8LM005544,1M1AN07Y1JM028191,1M1AN4GY4MM020243,1M1AW09Y7HM084902,1M1AN4GY3LM018952,1M1AN3GY1NM023984,1M1AN07Y8JM028155,1M1PN4GY5MM007821,1M1PN4GY1KM003410,1M1AN4GY8LM014654,1M1AN3GY5LM015917,1M1AN4GYXKM001516,1M1AN4GY9LM017773,1M1PN4GY9MM007823,1M1AN4GY0LM014082,1M1GR4GY4LM016318,1M1AN4GY0MM021454,1M1PN4GY8LM006841,1M1AN4GY5LM015177,1M1PN4GY8MM007909,1M1PN4GY4LM006707,1M1PN3GY6LM005245,1M1AN4AY4KM001343,1M1PN4GY3LM003474,1M1AN2GY9MM022512,1M1PN4GY2LM006253,1M1AN4GY1LM009974,1M1PN4GY1MM007590,1M1AX04Y2HM037006,1M1AN4GY5MM021756,1M2PN3GC0MM007607,1M1PN4GY9NM009511,1M2PN4GC7LM006507,1M1AN3GY8LM016625,1M1AN3GY8MM022748,,,,,,,,,,,,,,,,,,
9,4V4W19EG9KN873869,4V4MC9EH0GN180979,4V4NC9EH8GN975220,4V4MC9EJ3GN970070,4V4MC9DG2GN947904,4V4NC9DG4GN972274,4V4MC9EG2FN918772,4V4NC9EH5FN182410,4V4NC9EG2GN952104,4V4NC9EG4FN931432,4V4MC9EH9FN916400,4V4NC9EH1GN973843,4V4MC9EGXFN916574,4V4NC9EH3FN176914,4V4NC9EG5FN178140,4V4NC9EH9FN930334,4V4NC9EG3FN190917,4V4NC9EH7GN180708,4V4NC9EG5FN183211,4V4NC9EG8FN176267,4V4NC9EG9FN916232,4V4N39EG8FN185891,4V4NC9EH9FN180580,4V4NC9EJXFN911035,4V5RC9DG1GN965134,4V5K99EH0FN924452,,,,,,,,,,,,,,,,,,,,,,,,,,,,,,,,,,,,,,,,,,,,,,,,
9,4V4W19EG9KN907650,4V4MC9EH0GN180979,4V4NC9EH1GN973843,4V4MC9DG2GN947904,4V4MC9EJ3GN970070,4V4NC9EG4FN931432,4V4MC9EG2FN918772,4V4MC9EH9FN916400,4V4NC9EG2GN952104,4V4NC9DG4GN972274,4V4MC9EGXFN916574,4V4NC9EH8GN975220,4V4NC9EH9FN930334,4V4NC9EH5FN182410,4V4NC9EG3FN190917,4V4NC9EG5FN178140,4V4NC9EG5FN183211,4V4N39EG8FN185891,4V4NC9EH7GN180708,4V5RC9DG1GN965134,4V4NC9EG9FN916232,4V4NC9EH9FN180580,4V4NC9EG8FN176267,4V4NC9EH3FN176914,4V4NC9EJXFN911035,4V5K99EH0FN924452,,,,,,,,,,,,,,,,,,,,,,,,,,,,,,,,,,,,,,,,,,,,,,,,
9,4V4W19EGXLN245496,4V4MC9EH0GN180979,4V4NC9EH1GN973843,4V4MC9EJ3GN970070,4V4MC9DG2GN947904,4V4MC9EG2FN918772,4V4NC9EG4FN931432,4V4MC9EH9FN916400,4V4NC9EG2GN952104,4V4MC9EGXFN916574,4V4NC9EH8GN975220,4V4NC9EH5FN182410,4V4NC9DG4GN972274,4V4NC9EG3FN190917,4V4NC9EG5FN178140,4V4NC9EH9FN930334,4V4N39EG8FN185891,4V4NC9EG5FN183211,4V4NC9EH7GN180708,4V4NC9EH9FN180580,4V4NC9EG8FN176267,4V4NC9EH3FN176914,4V4NC9EG9FN916232,4V5RC9DG1GN965134,4V4NC9EJXFN911035,4V5K99EH0FN924452,,,,,,,,,,,,,,,,,,,,,,,,,,,,,,,,,,,,,,,,,,,,,,,,
9,4V4W19EH0LN259884,4V4MC9EJ3GN970070,4V4NC9EG4FN931432,4V4NC9EH1GN973843,4V4MC9DG2GN947904,4V4MC9EH0GN180979,4V4NC9EH8GN975220,4V4MC9EG2FN918772,4V4NC9DG4GN972274,4V4MC9EH9FN916400,4V4NC9EG2GN952104,4V4NC9EG3FN190917,4V4N39EG8FN185891,4V4NC9EH7GN180708,4V4NC9EH3FN176914,4V4NC9EH5FN182410,4V4NC9EH9FN180580,4V4MC9EGXFN916574,4V4NC9EG9FN916232,4V4NC9EG5FN178140,4V4NC9EH9FN930334,4V4NC9EG5FN183211,4V4NC9EG8FN176267,4V4NC9EJXFN911035,4V5RC9DG1GN965134,4V5K99EH0FN924452,,,,,,,,,,,,,,,,,,,,,,,,,,,,,,,,,,,,,,,,,,,,,,,,
9,4V4WC9EG4LN261882,4V4MC9EH0GN180979,4V4NC9EH8GN975220,4V4NC9EH1GN973843,4V4MC9DG2GN947904,4V4MC9EJ3GN970070,4V4MC9EG2FN918772,4V4NC9EG2GN952104,4V4NC9EH5FN182410,4V4NC9EG5FN178140,4V4NC9EG3FN190917,4V4NC9EH7GN180708,4V4NC9EH9FN930334,4V4MC9EGXFN916574,4V4NC9EG4FN931432,4V4MC9EH9FN916400,4V4NC9EH9FN180580,4V4NC9DG4GN972274,4V4NC9EG9FN916232,4V4NC9EH3FN176914,4V4NC9EG5FN183211,4V4NC9EG8FN176267,4V4N39EG8FN185891,4V4NC9EJXFN911035,4V5RC9DG1GN965134,4V5K99EH0FN924452,,,,,,,,,,,,,,,,,,,,,,,,,,,,,,,,,,,,,,,,,,,,,,,,
9,4V4WC9EG7LN239651,4V4NC9EH1GN973843,4V4MC9EH0GN180979,4V4NC9EG3FN190917,4V4NC9EH8GN975220,4V4MC9EJ3GN970070,4V4MC9DG2GN947904,4V4NC9EG5FN178140,4V4MC9EH9FN916400,4V4MC9EG2FN918772,4V4NC9EG2GN952104,4V4NC9EG5FN183211,4V4NC9EG4FN931432,4V4NC9EH5FN182410,4V4NC9EH9FN930334,4V4NC9DG4GN972274,4V4MC9EGXFN916574,4V4NC9EG8FN176267,4V4NC9EH7GN180708,4V4NC9EG9FN916232,4V4NC9EH3FN176914,4V4NC9EH9FN180580,4V4N39EG8FN185891,4V5RC9DG1GN965134,4V4NC9EJXFN911035,4V5K99EH0FN924452,,,,,,,,,,,,,,,,,,,,,,,,,,,,,,,,,,,,,,,,,,,,,,,,
5,4V4WC9EH0KN231866,4V4NC9EG7JN891663,4V4NC9EJ4JN885783,4V4NC9EG3JN898643,4V4NC9EH0JN888726,4V4NC9EJ4JN888070,4V4NC9EH8JN996124,4V4NC9EH0JN890248,4V4NC9EH5JN965851,4V4NC9EH6JN990449,4V4NC9EH4JN894027,4V4NC9EH7JN886777,4V4NC9DG2JN999173,4V4NC9EH1JN993775,4V4NC9EH3HN992332,4V4NC9EH6JN885233,4V4NC9EH9JN998383,4V4NC9EH9HN981206,4V4NC9EH7HN977638,4V5K99EH4JN992875,4V5KC9EH9HN986758,4V5RC9DH8JN995389,,,,,,,,,,,,,,,,,,,,,,,,,,,,,,,,,,,,,,,,,,,,,,,,,,,,
9,4V4WC9EH0MN277135,4V4MC9EH0GN180979,4V4MC9DG2GN947904,4V4MC9EG2FN918772,4V4NC9EH1GN973843,4V4MC9EJ3GN970070,4V4NC9EH8GN975220,4V4MC9EH9FN916400,4V4NC9EH5FN182410,4V4NC9EG2GN952104,4V4NC9DG4GN972274,4V4NC9EH9FN930334,4V4MC9EGXFN916574,4V4NC9EG5FN183211,4V4NC9EG4FN931432,4V4NC9EG5FN178140,4V4NC9EH7GN180708,4V4NC9EH3FN176914,4V4NC9EH9FN180580,4V4NC9EG3FN190917,4V4NC9EG9FN916232,4V4NC9EJXFN911035,4V4NC9EG8FN176267,4V4N39EG8FN185891,4V5RC9DG1GN965134,4V5K99EH0FN924452,,,,,,,,,,,,,,,,,,,,,,,,,,,,,,,,,,,,,,,,,,,,,,,,
9,4V4WC9EH1KN223954,4V4NC9EG4FN931432,4V4MC9EH0GN180979,4V4NC9EH1GN973843,4V4NC9EH8GN975220,4V4MC9EJ3GN970070,4V4MC9DG2GN947904,4V4MC9EGXFN916574,4V4MC9EH9FN916400,4V4MC9EG2FN918772,4V4NC9DG4GN972274,4V4NC9EH5FN182410,4V4NC9EG5FN183211,4V4NC9EG5FN178140,4V4NC9EG2GN952104,4V4NC9EG3FN190917,4V4NC9EH9FN930334,4V4NC9EH7GN180708,4V4NC9EH3FN176914,4V4N39EG8FN185891,4V4NC9EG9FN916232,4V4NC9EH9FN180580,4V4NC9EG8FN176267,4V5RC9DG1GN965134,4V4NC9EJXFN911035,4V5K99EH0FN924452,,,,,,,,,,,,,,,,,,,,,,,,,,,,,,,,,,,,,,,,,,,,,,,,
9,4V4WC9EH4LN252432,4V4MC9EH0GN180979,4V4NC9EH1GN973843,4V4MC9EJ3GN970070,4V4MC9DG2GN947904,4V4NC9EH8GN975220,4V4MC9EG2FN918772,4V4NC9DG4GN972274,4V4NC9EG2GN952104,4V4NC9EH9FN930334,4V4NC9EG4FN931432,4V4NC9EJXFN911035,4V4NC9EH7GN180708,4V4MC9EH9FN916400,4V4MC9EGXFN916574,4V4NC9EH5FN182410,4V4NC9EH9FN180580,4V4N39EG8FN185891,4V4NC9EG3FN190917,4V4NC9EG9FN916232,4V4NC9EG5FN183211,4V4NC9EG5FN178140,4V4NC9EH3FN176914,4V5RC9DG1GN965134,4V4NC9EG8FN176267,4V5K99EH0FN924452,,,,,,,,,,,,,,,,,,,,,,,,,,,,,,,,,,,,,,,,,,,,,,,,
9,4V4WC9EHXMN259161,4V4NC9EH1GN973843,4V4MC9EH0GN180979,4V4NC9EH8GN975220,4V4MC9DG2GN947904,4V4MC9EH9FN916400,4V4MC9EJ3GN970070,4V4MC9EG2FN918772,4V4NC9EG2GN952104,4V4NC9EH5FN182410,4V4NC9EG4FN931432,4V4NC9EH9FN930334,4V4NC9DG4GN972274,4V4NC9EH7GN180708,4V4NC9EG3FN190917,4V4NC9EH9FN180580,4V4NC9EG5FN178140,4V4NC9EG5FN183211,4V4NC9EG9FN916232,4V4NC9EH3FN176914,4V4MC9EGXFN916574,4V4N39EG8FN185891,4V4NC9EG8FN176267,4V4NC9EJXFN911035,4V5RC9DG1GN965134,4V5K99EH0FN924452,,,,,,,,,,,,,,,,,,,,,,,,,,,,,,,,,,,,,,,,,,,,,,,,
9,4V4WC9EHXMN274579,4V4NC9EH1GN973843,4V4MC9EH0GN180979,4V4NC9EH8GN975220,4V4NC9EG2GN952104,4V4MC9EJ3GN970070,4V4MC9DG2GN947904,4V4NC9EH9FN930334,4V4MC9EG2FN918772,4V4NC9EH5FN182410,4V4NC9EG5FN178140,4V4MC9EH9FN916400,4V4NC9EG5FN183211,4V4NC9EH3FN176914,4V4MC9EGXFN916574,4V4NC9EG3FN190917,4V4NC9DG4GN972274,4V4NC9EG4FN931432,4V4NC9EG9FN916232,4V4NC9EJXFN911035,4V4NC9EH7GN180708,4V4NC9EH9FN180580,4V4N39EG8FN185891,4V5RC9DG1GN965134,4V4NC9EG8FN176267,4V5K99EH0FN924452,,,,,,,,,,,,,,,,,,,,,,,,,,,,,,,,,,,,,,,,,,,,,,,,
5,4V5KC9EH4MN272319,4V5K99EH4JN992875,4V5KC9EH9HN986758,4V4NC9EJ4JN888070,4V5RC9DH8JN995389,4V4NC9EH0JN888726,4V4NC9EG3JN898643,4V4NC9DG2JN999173,4V4NC9EG7JN891663,4V4NC9EH9JN998383,4V4NC9EH5JN965851,4V4NC9EH8JN996124,4V4NC9EH6JN990449,4V4NC9EJ4JN885783,4V4NC9EH7HN977638,4V4NC9EH1JN993775,4V4NC9EH0JN890248,4V4NC9EH6JN885233,4V4NC9EH3HN992332,4V4NC9EH7JN886777,4V4NC9EH4JN894027,4V4NC9EH9HN981206,,,,,,,,,,,,,,,,,,,,,,,,,,,,,,,,,,,,,,,,,,,,,,,,,,,,
5,4V5KG9EH2KN215165,4V5K99EH4JN992875,4V5KC9EH9HN986758,4V5RC9DH8JN995389,4V4NC9EJ4JN888070,4V4NC9EH0JN888726,4V4NC9EG7JN891663,4V4NC9EG3JN898643,4V4NC9EH5JN965851,4V4NC9EJ4JN885783,4V4NC9EH0JN890248,4V4NC9EH6JN885233,4V4NC9EH8JN996124,4V4NC9EH6JN990449,4V4NC9DG2JN999173,4V4NC9EH4JN894027,4V4NC9EH9JN998383,4V4NC9EH1JN993775,4V4NC9EH3HN992332,4V4NC9EH7JN886777,4V4NC9EH7HN977638,4V4NC9EH9HN981206,,,,,,,,,,,,,,,,,,,,,,,,,,,,,,,,,,,,,,,,,,,,,,,,,,,,
