1M1AN07Y0JM027470,2549
1M1AN07Y1JM028191,2279
1M1AN07Y2HM023723,2549
1M1AN07Y4JM028458,2219
1M1AN07Y7GM023733,2549
1M1AN07Y8JM028155,2409
1M1AN09Y4JM026805,2204
1M1AN09Y9FM019369,2228
1M1AN09YXFM018585,2069
1M1AN2AY8LM002016,2384
1M1AN2GY6NM023859,2189
1M1AN2GY9MM022512,2339
1M1AN3GY1KM003763,2174
1M1AN3GY1NM023984,2468
1M1AN3GY5LM015030,2279
1M1AN3GY5LM015917,2364
1M1AN3GY5LM018302,2364
1M1AN3GY8LM016625,2549
1M1AN3GY8MM022748,2199
1M1AN4AY4KM001343,2279
1M1AN4GY0LM012221,2123
1M1AN4GY0LM014082,2319
1M1AN4GY0LM019590,2259
1M1AN4GY0MM021454,2184
1M1AN4GY1KM010072,2219
1M1AN4GY1LM009974,2064
1M1AN4GY1LM018447,2084
1M1AN4GY2KM001364,2339
1M1AN4GY2KM003907,2399
1M1AN4GY3LM018952,2549
1M1AN4GY4KM003164,2189
1M1AN4GY4MM020243,2384
1M1AN4GY5LM015177,2169
1M1AN4GY5MM021756,2549
1M1AN4GY6LM018279,2549
1M1AN4GY6MM020969,2033
1M1AN4GY7KM008360,2294
1M1AN4GY7KM008603,2184
1M1AN4GY7MM022844,2348
1M1AN4GY8LM014654,2364
1M1AN4GY9LM016848,2379
1M1AN4GY9LM017773,2549
1M1AN4GY9LM019734,1964
1M1AN4GYXKM001516,1973
1M1AW01Y2KM011049,2123
1M1AW02Y0HM082869,2189
1M1AW02Y1JM085060,2184
1M1AW02Y3JM085285,2549
1M1AW02Y4JM085280,2264
1M1AW02Y9FM043761,2063
1M1AW07Y0FM044144,2153
1M1AW07Y0FM051434,2288
1M1AW07Y0FM051482,2063
1M1AW07Y2GM059553,2549
1M1AW07Y2HM080873,2159
1M1AW07Y4GM054760,2168
1M1AW07Y5FM051784,2273
1M1AW07Y6FM050269,2274
1M1AW07Y7GM060715,2549
1M1AW07Y8GM078527,2408
1M1AW07Y9GM078455,2379
1M1AW07Y9JM085655,2138
1M1AW07YXFM052607,2394
1M1AW07YXJM086880,2394
1M1AW09Y2GM056939,2319
1M1AW09Y7HM084902,1823
1M1AW09Y8FM048133,2549
1M1AW21Y2GM060478,2288
1M1AW21YXFM051381,2378
1M1AW21YXGM053312,2369
1M1AW31Y5FM048880,2229
1M1AX04Y2HM037006,2264
1M1AX07Y5FM020516,2324
1M1GR4GY1KM004495,2474
1M1GR4GY4LM016318,2054
1M1GR4GY5LM016456,2243
1M1PN3GY0LM005869,2379
1M1PN3GY6LM005245,2354
1M1PN3GY7LM005853,2249
1M1PN4GY0KM003009,2549
1M1PN4GY1KM003410,2333
1M1PN4GY1MM007590,2549
1M1PN4GY2LM006253,2349
1M1PN4GY3LM003474,2234
1M1PN4GY4LM006707,2303
1M1PN4GY5MM007821,2274
1M1PN4GY8LM005544,2139
1M1PN4GY8LM006841,2549
1M1PN4GY8MM007909,2174
1M1PN4GY9LM001762,2549
1M1PN4GY9LM005262,2549
1M1PN4GY9MM007823,2549
1M1PN4GY9NM009511,2414
1M2AN07C1HM026192,1959
1M2AN07Y7FM018865,2109
1M2AN07YXFM018004,2304
1M2AU02C8FM009137,2204
1M2AU02CXFM009642,2549
1M2AU04C8GM010383,2123
1M2AV01C3JM001423,2199
1M2AV02C2FM013410,2264
1M2AV02C2GM016065,2219
1M2AV02C7FM012415,2274
1M2AV02C7GM014053,2348
1M2AV02C8FM012892,2138
1M2AV04C1GM014711,2144
1M2AV04C1JM018023,2309
1M2AV04C1JM019687,2363
1M2AV04C4JM017884,2363
1M2AV04C5JM017604,2393
1M2AV04C5JM018820,2264
1M2AV04C6JM018406,2318
1M2AV04C6JM018471,2214
1M2AV04C7JM016650,2348
1M2AV04C9GM014178,2549
1M2AV04CXFM012065,2333
1M2AV04CXKM019561,2144
1M2AV09C1HM015769,2409
1M2AW02Y1FM048691,2549
1M2AX02C8FM002082,2271
1M2AX04C3FM022608,2399
1M2AX04C4FM024643,2138
1M2AX04C4FM024934,2549
1M2AX04C5GM031795,2364
1M2AX04C7FM025012,2244
1M2AX04C9FM021446,2549
1M2AX07C0HM034679,2304
1M2AX07C2GM028123,2394
1M2AX07C4GM027622,2129
1M2AX07C6FM021965,2243
1M2AX07C6GM028190,2369
1M2AX07C9GM032220,2228
1M2AX07C9HM035345,2273
1M2AX07C9HM035667,2364
1M2AX07C9HM036804,2549
1M2AX07C9JM041295,2049
1M2AX07CXGM031562,2123
1M2AX09C4HM035251,2549
1M2AX09C5JM035832,2549
1M2AX09C5JM040416,2549
1M2AX09CXFM021366,2348
1M2AX09CXGM031011,2264
1M2AX13C0GM031484,2423
1M2AX13C0GM031937,2409
1M2AX13C0GM035986,2399
1M2AX13C0GM061505,2219
1M2AX13C0KM042798,2228
1M2AX13C1GM032207,2279
1M2AX13C3HM036812,2288
1M2AX13C4FM029011,2309
1M2AX13C4GM034680,2549
1M2AX13C4JM041166,2063
1M2AX13C7FM030508,2139
1M2AX13C9HM036345,2064
1M2AX13CXGM035087,2348
1M2AX16C4GM033508,2198
1M2AX16C4JM040689,2288
1M2AX18C4JM040723,2549
1M2AX18C5GM034972,2288
1M2AX18C6KM042796,2138
1M2AX18CXFM028910,2229
1M2AX20C6FM001236,2274
1M2AX26C3HM001351,2273
1M2GR2GC0KM003665,2288
1M2GR2GC1KM004100,2288
1M2GR2GC1MM023863,2369
1M2GR2GC2KM006910,1964
1M2GR2GC2KM011783,2144
1M2GR2GC2LM016581,2474
1M2GR2GC2MM024844,2549
1M2GR2GC3KM009069,2273
1M2GR2GC3MM016333,2549
1M2GR2GC3MM020916,2549
1M2GR2GC3NM027317,2274
1M2GR2GC4LM017473,2084
1M2GR2GC4LM019059,2549
1M2GR2GC5KM007114,2109
1M2GR2GC5LM016011,2249
1M2GR2GC6KM001256,2519
1M2GR2GC6LM008645,2213
1M2GR2GC6NM026307,2198
1M2GR2GC7MM024824,2408
1M2GR2GC8KM006328,2304
1M2GR2GC9KM005401,2279
1M2GR2GC9KM009061,2214
1M2GR2GC9LM013242,2144
1M2GR2GC9LM015623,2054
1M2GR2GC9MM021343,2349
1M2GR2GCXLM015727,2549
1M2GR2NC2KM001077,2108
1M2GR2NCXMM001718,2198
1M2GR2TC4LM001098,2324
1M2GR3GC2KM006945,2174
1M2GR3GC2LM010446,2183
1M2GR3GC4MM021367,2549
1M2GR3GCXKM010158,2159
1M2GR3GCXNM025974,2189
1M2GR3NC2LM001328,2549
1M2GR4GC0KM010160,2214
1M2GR4GC1KM009583,2159
1M2GR4GC2KM007034,2228
1M2GR4GC2LM012977,2129
1M2GR4GC3MM020202,2169
1M2GR4GC3MM021916,2548
1M2GR4GC4MM020970,2424
1M2GR4GC4MM021519,2063
1M2GR4GC5NM025919,2174
1M2GR4GC6NM025038,2489
1M2GR4GC6NM027596,2249
1M2GR4GC7LM014983,2154
1M2GR4GC9NM025955,2424
1M2GR4GCXMM024697,2264
1M2GR4NC4MM001970,2213
1M2LR1GC0MM003886,2243
1M2LR1GC0MM004777,2339
1M2LR1GC6MM004296,2408
1M2LR1GC6NM005384,2309
1M2LR1GC8LM003388,2124
1M2LR1GC8MM003795,2229
1M2LR1GCXMM003927,2349
1M2LR2GC2KM002077,2034
1M2LR2GC3KM001164,2303
1M2LR2GC3NM005512,2204
1M2LR2GC6MM004501,2279
1M2LR2GC7KM001412,2348
1M2LR2GC9LM002580,2249
1M2PN3GC0MM007607,2378
1M2PN4GC7LM006507,2084
1M2TE1GC3LM004430,2409
1M2TE1GC3MM005563,2034
1M2TE1GC4KM001177,2309
1M2TE1GC5KM001222,2258
1M2TE1GC8NM006581,2249
1M2TE2GC0LM004438,2549
1M2TE2GC1MM005681,2394
1M2TE2GC4LM004720,2379
1M2TE2GC6KM002093,2394
1M2TE2GC6MM005059,2228
1M2TE2GC9MM005749,2549
1M2TE2GCXMM005369,2549
1M2TE2GCXNM006586,2549
4V4MC9DG2GN947904,2279
4V4MC9DG8JN888753,2063
4V4MC9EG2FN918772,2333
4V4MC9EG4FN916182,2439
4V4MC9EGXFN916574,2349
4V4MC9EH0GN180979,2114
4V4MC9EH9FN916400,2339
4V4MC9EJ3GN970070,2333
4V4N19EH9KN871897,2549
4V4N39EG2KN212738,2159
4V4N39EG8FN185891,2214
4V4N99EH2FN190561,2364
4V4N99EH3FN916329,2039
4V4NB9EH3LN247690,2303
4V4NB9EH5MN288050,2474
4V4NB9EH7JN902351,2348
4V4NB9EH8KN210861,2249
4V4NC9DG2JN999173,2094
4V4NC9DG4GN972274,2204
4V4NC9EG1KN900777,2333
4V4NC9EG2GN952104,2139
4V4NC9EG2LN246390,2199
4V4NC9EG3FN190917,2259
4V4NC9EG3JN898643,2549
4V4NC9EG3LN263585,2003
4V4NC9EG4FN931432,1868
4V4NC9EG4LN261893,2484
4V4NC9EG5FN178140,2454
4V4NC9EG5FN183211,2549
4V4NC9EG5JN999215,2289
4V4NC9EG5LN217515,2334
4V4NC9EG5LN257139,2204
4V4NC9EG7FN176292,2259
4V4NC9EG7JN891663,2549
4V4NC9EG8FN176267,2004
4V4NC9EG8GN952138,2339
4V4NC9EG8JN899593,2514
4V4NC9EG8LN252016,2378
4V4NC9EG8MN271747,2549
4V4NC9EG9FN916232,2139
4V4NC9EH0FN925202,2414
4V4NC9EH0JN888726,2333
4V4NC9EH0JN890248,2408
4V4NC9EH0KN236481,2319
4V4NC9EH0KN240109,2139
4V4NC9EH0KN900911,2379
4V4NC9EH0LN223148,2258
4V4NC9EH0LN257526,2409
4V4NC9EH0MN231106,1959
4V4NC9EH0MN265031,2414
4V4NC9EH0NN282610,2228
4V4NC9EH1FN926178,2229
4V4NC9EH1GN973843,2259
4V4NC9EH1HN977974,2244
4V4NC9EH1JN993775,2549
4V4NC9EH1LN222154,2549
4V4NC9EH1LN241254,2383
4V4NC9EH1LN241593,2304
4V4NC9EH1LN256062,2438
4V4NC9EH1MN246181,2009
4V4NC9EH1MN276409,2363
4V4NC9EH1NN288027,2204
4V4NC9EH1NN299075,2139
4V4NC9EH2FN909907,2414
4V4NC9EH2JN895158,2259
4V4NC9EH2JN895824,2184
4V4NC9EH2KN210822,2439
4V4NC9EH2KN900070,2444
4V4NC9EH2LN230666,2024
4V4NC9EH2MN275950,2454
4V4NC9EH2MN276838,2049
4V4NC9EH2NN292698,2258
4V4NC9EH3FN176914,2309
4V4NC9EH3HN992332,2474
4V4NC9EH3JN889658,2379
4V4NC9EH3KN207654,2549
4V4NC9EH3KN232876,2138
4V4NC9EH3KN900823,2423
4V4NC9EH3KN902751,2549
4V4NC9EH3LN232698,2169
4V4NC9EH3MN248451,2273
4V4NC9EH3MN273463,2129
4V4NC9EH3MN600721,2124
4V4NC9EH4FN184181,2273
4V4NC9EH4JN894027,2303
4V4NC9EH4KN195739,2454
4V4NC9EH4KN201457,2549
4V4NC9EH4KN214984,2124
4V4NC9EH4KN233597,2468
4V4NC9EH4KN903908,2159
4V4NC9EH4LN221158,2303
4V4NC9EH4LN228417,2454
4V4NC9EH4LN252734,2189
4V4NC9EH4LN269372,2549
4V4NC9EH4MN262200,2408
4V4NC9EH4MN271334,2303
4V4NC9EH5FN182410,2429
4V4NC9EH5FN185047,2334
4V4NC9EH5FN189647,2169
4V4NC9EH5JN889595,2129
4V4NC9EH5JN965851,2199
4V4NC9EH5KN207395,2363
4V4NC9EH5LN218527,2379
4V4NC9EH5LN233190,2304
4V4NC9EH5LN241743,2304
4V4NC9EH5LN256291,2198
4V4NC9EH5LN261104,2184
4V4NC9EH5LN263726,2394
4V4NC9EH5LN267307,2114
4V4NC9EH5MN265607,2549
4V4NC9EH5NN601810,2274
4V4NC9EH6FN187552,2304
4V4NC9EH6FN190693,2549
4V4NC9EH6JN885233,2244
4V4NC9EH6JN889010,2549
4V4NC9EH6JN895809,2348
4V4NC9EH6JN979872,2168
4V4NC9EH6JN990449,2241
4V4NC9EH6KN898999,2243
4V4NC9EH6KN903845,2234
4V4NC9EH6KN904736,2369
4V4NC9EH6LN259541,2294
4V4NC9EH6NN297645,2228
4V4NC9EH7FN925424,2364
4V4NC9EH7GN180708,2549
4V4NC9EH7HN977638,2423
4V4NC9EH7JN886777,1943
4V4NC9EH7JN897780,2549
4V4NC9EH7KN195797,2549
4V4NC9EH7KN201517,2379
4V4NC9EH7KN209648,2243
4V4NC9EH7LN261038,2363
4V4NC9EH7NN289229,2154
4V4NC9EH8FN916926,2244
4V4NC9EH8FN920507,2169
4V4NC9EH8GN975220,2549
4V4NC9EH8HN994447,2549
4V4NC9EH8JN996124,2183
4V4NC9EH8KN212428,2549
4V4NC9EH8KN227835,2334
4V4NC9EH8KN240102,2549
4V4NC9EH8LN221275,2549
4V4NC9EH8LN237928,2354
4V4NC9EH8LN255913,2424
4V4NC9EH8LN262280,2213
4V4NC9EH8MN282417,2549
4V4NC9EH8NN602062,2309
4V4NC9EH9FN180580,2349
4V4NC9EH9FN191241,2348
4V4NC9EH9FN918636,2213
4V4NC9EH9FN930334,2288
4V4NC9EH9FN931032,2273
4V4NC9EH9HN981206,2198
4V4NC9EH9JN998383,2354
4V4NC9EH9KN198314,2424
4V4NC9EH9KN903967,2318
4V4NC9EH9LN228252,2393
4V4NC9EH9LN254348,2453
4V4NC9EH9LN261686,2354
4V4NC9EH9MN241973,2304
4V4NC9EH9MN264931,2174
4V4NC9EH9NN289555,2294
4V4NC9EHXFN178644,2229
4V4NC9EHXFN933968,2429
4V4NC9EHXKN192473,2549
4V4NC9EHXMN254652,2549
4V4NC9EJ0FN180096,2379
4V4NC9EJ0KN214127,2309
4V4NC9EJ2FN910512,2094
4V4NC9EJ2LN213451,2549
4V4NC9EJ3FN910597,2303
4V4NC9EJ3GN947618,2109
4V4NC9EJ3LN226824,2174
4V4NC9EJ4JN885783,2129
4V4NC9EJ4JN888070,2324
4V4NC9EJ4KN227897,2169
4V4NC9EJ5KN210896,2549
4V4NC9EJ5LN230244,2429
4V4NC9EJ6FN915163,2333
4V4NC9EJ8KN211329,2294
4V4NC9EJ8LN232103,2003
4V4NC9EJ9LN211793,2549
4V4NC9EJ9LN232143,2213
4V4NC9EJXFN911035,2243
4V4NC9EJXLN267564,2273
4V4W19EG0KN873954,2169
4V4W19EG3MN285307,2294
4V4W19EG4KN901898,2394
4V4W19EG4MN285302,2198
4V4W19EG5MN274390,2159
4V4W19EG7MN285388,2244
4V4W19EG9KN873869,2063
4V4W19EG9KN907650,2319
4V4W19EGXLN244378,2228
4V4W19EGXLN245496,2549
4V4W19EH0LN259884,2549
4V4W19EH9JN893384,2249
4V4W39EG9KN208870,2348
4V4WC9DG4KN217073,2234
4V4WC9DH4LN265134,2138
4V4WC9DH7KN218095,2363
4V4WC9EG1LN225552,2319
4V4WC9EG2LN261864,2354
4V4WC9EG3MN287116,2549
4V4WC9EG4LN260554,2213
4V4WC9EG4LN261882,2384
4V4WC9EG5KN205920,2334
4V4WC9EG5KN907347,2199
4V4WC9EG7LN236927,2153
4V4WC9EG7LN239651,2189
4V4WC9EGXKN242204,2399
4V4WC9EH0KN231866,2264
4V4WC9EH0LN225230,2468
4V4WC9EH0MN277135,1919
4V4WC9EH1KN192723,2169
4V4WC9EH1KN223954,2379
4V4WC9EH2KN214518,2549
4V4WC9EH4LN225148,2414
4V4WC9EH4LN252432,2438
4V4WC9EH5KN209202,2364
4V4WC9EH5LN252374,2294
4V4WC9EH6KN242256,2364
4V4WC9EH7JN902268,2234
4V4WC9EH8KN227869,2348
4V4WC9EHXLN255724,2394
4V4WC9EHXMN259161,2459
4V4WC9EHXMN274579,2424
4V4WC9EHXNN288905,2183
4V4WC9EJ9MN282594,2549
4V4WG9EJ7NN298797,2394
4V5K99EH0FN924452,2318
4V5K99EH4JN992875,2348
4V5KC9DF0LN267455,2034
4V5KC9EH4MN272319,2349
4V5KC9EH5KN195683,2324
4V5KC9EH9HN986758,2489
4V5KC9EHXMN280778,2519
4V5KG9EH2KN215165,2213
4V5RC9DG1GN965134,2414
4V5RC9DH8JN995389,2409
4V5RC9EH6KN235039,2199
