VIN, LAST_ROWS
4V4NC9EH0KN902481,1806
4V4NC9EH0KN902481,1804
4V4NC9EH0KN902481,1808
4V4NC9EH0KN902481,1809
4V4NC9EH0KN902481,1805
4V4NC9EH0KN902481,1807
4V4NC9EH0KN902481,1810
4V4NC9EH0KN902481,1814
4V4NC9EH0KN902481,1812
4V4NC9EH0KN902481,1811
4V4NC9EH0KN902481,1813
4V4WC9EH7MN275768,1808
4V4WC9EH7MN275768,1804
4V4WC9EH7MN275768,1806
4V4WC9EH7MN275768,1809
4V4WC9EH7MN275768,1807
4V4WC9EH7MN275768,1805
4V4WC9EH7MN275768,1812
4V4WC9EH7MN275768,1811
4V4WC9EH7MN275768,1810
4V4WC9EH7MN275768,1813
4V4WC9EH7MN275768,1814
4V4NC9EJ0LN216669,1808
4V4NC9EJ0LN216669,1804
4V4NC9EJ0LN216669,1806
4V4NC9EJ0LN216669,1809
4V4NC9EJ0LN216669,1807
4V4NC9EJ0LN216669,1805
4V4NC9EJ0LN216669,1811
4V4NC9EJ0LN216669,1810
4V4NC9EJ0LN216669,1812
4V4NC9EJ0LN216669,1813
4V4NC9EJ0LN216669,1814
1M2GR2GCXLM016666,1806
1M2GR2GCXLM016666,1804
1M2GR2GCXLM016666,1808
1M2GR2GCXLM016666,1809
1M2GR2GCXLM016666,1805
1M2GR2GCXLM016666,1807
1M2GR2GCXLM016666,1811
1M2GR2GCXLM016666,1810
1M2GR2GCXLM016666,1813
1M2GR2GCXLM016666,1812
1M2GR2GCXLM016666,1814
4V4NC9DH4JN896121,1808
4V4NC9DH4JN896121,1806
4V4NC9DH4JN896121,1804
4V4NC9DH4JN896121,1809
4V4NC9DH4JN896121,1807
4V4NC9DH4JN896121,1805
4V4NC9DH4JN896121,1814
4V4NC9DH4JN896121,1810
4V4NC9DH4JN896121,1813
4V4NC9DH4JN896121,1811
4V4NC9DH4JN896121,1812
4V4NC9EH6FN926144,1806
4V4NC9EH6FN926144,1804
4V4NC9EH6FN926144,1808
4V4NC9EH6FN926144,1805
4V4NC9EH6FN926144,1807
4V4NC9EH6FN926144,1809
4V4NC9EH6FN926144,1810
4V4NC9EH6FN926144,1811
4V4NC9EH6FN926144,1813
4V4NC9EH6FN926144,1812
4V4NC9EH6FN926144,1814
4V4NC9EH5MN282892,1804
4V4NC9EH5MN282892,1808
4V4NC9EH5MN282892,1806
4V4NC9EH5MN282892,1809
4V4NC9EH5MN282892,1805
4V4NC9EH5MN282892,1807
4V4NC9EH5MN282892,1810
4V4NC9EH5MN282892,1811
4V4NC9EH5MN282892,1812
4V4NC9EH5MN282892,1813
4V4NC9EH5MN282892,1814
4V4WB9EH5LN254824,1808
4V4WB9EH5LN254824,1806
4V4WB9EH5LN254824,1804
4V4WB9EH5LN254824,1807
4V4WB9EH5LN254824,1809
4V4WB9EH5LN254824,1805
4V4WB9EH5LN254824,1810
4V4WB9EH5LN254824,1811
4V4WB9EH5LN254824,1812
4V4WB9EH5LN254824,1814
4V4WB9EH5LN254824,1813
4V4NC9EH7JN887301,1804
4V4NC9EH7JN887301,1808
4V4NC9EH7JN887301,1806
4V4NC9EH7JN887301,1809
4V4NC9EH7JN887301,1805
4V4NC9EH7JN887301,1807
4V4NC9EH7JN887301,1812
4V4NC9EH7JN887301,1810
4V4NC9EH7JN887301,1811
4V4NC9EH7JN887301,1813
4V4NC9EH7JN887301,1814
4V4NC9EH1LN261603,1808
4V4NC9EH1LN261603,1804
4V4NC9EH1LN261603,1806
4V4NC9EH1LN261603,1809
4V4NC9EH1LN261603,1805
4V4NC9EH1LN261603,1807
4V4NC9EH1LN261603,1812
4V4NC9EH1LN261603,1810
4V4NC9EH1LN261603,1811
4V4NC9EH1LN261603,1814
4V4NC9EH1LN261603,1813
1M1AN09Y8FM020657,1804
1M1AN09Y8FM020657,1808
1M1AN09Y8FM020657,1806
1M1AN09Y8FM020657,1805
1M1AN09Y8FM020657,1807
1M1AN09Y8FM020657,1809
1M1AN09Y8FM020657,1811
1M1AN09Y8FM020657,1812
1M1AN09Y8FM020657,1810
1M1AN09Y8FM020657,1814
1M1AN09Y8FM020657,1813
1M2LR02C7JM003431,1804
1M2LR02C7JM003431,1806
1M2LR02C7JM003431,1808
1M2LR02C7JM003431,1805
1M2LR02C7JM003431,1807
1M2LR02C7JM003431,1809
1M2LR02C7JM003431,1810
1M2LR02C7JM003431,1813
1M2LR02C7JM003431,1811
1M2LR02C7JM003431,1812
1M2LR02C7JM003431,1814
4V4NC9EJ1JN894764,1808
4V4NC9EJ1JN894764,1804
4V4NC9EJ1JN894764,1806
4V4NC9EJ1JN894764,1809
4V4NC9EJ1JN894764,1807
4V4NC9EJ1JN894764,1805
4V4NC9EJ1JN894764,1811
4V4NC9EJ1JN894764,1810
4V4NC9EJ1JN894764,1812
4V4NC9EJ1JN894764,1813
4V4NC9EJ1JN894764,1814
4V4NC9EJ1KN205209,1808
4V4NC9EJ1KN205209,1806
4V4NC9EJ1KN205209,1804
4V4NC9EJ1KN205209,1805
4V4NC9EJ1KN205209,1807
4V4NC9EJ1KN205209,1809
4V4NC9EJ1KN205209,1813
4V4NC9EJ1KN205209,1810
4V4NC9EJ1KN205209,1812
4V4NC9EJ1KN205209,1811
4V4NC9EJ1KN205209,1814
1M1AW07Y2JM088140,1806
1M1AW07Y2JM088140,1808
1M1AW07Y2JM088140,1804
1M1AW07Y2JM088140,1805
1M1AW07Y2JM088140,1807
1M1AW07Y2JM088140,1809
1M1AW07Y2JM088140,1810
1M1AW07Y2JM088140,1811
1M1AW07Y2JM088140,1812
1M1AW07Y2JM088140,1813
1M1AW07Y2JM088140,1814
1M1AW01X8HM009662,1804
1M1AW01X8HM009662,1806
1M1AW01X8HM009662,1808
1M1AW01X8HM009662,1805
1M1AW01X8HM009662,1807
1M1AW01X8HM009662,1809
1M1AW01X8HM009662,1810
1M1AW01X8HM009662,1812
1M1AW01X8HM009662,1811
1M1AW01X8HM009662,1813
1M1AW01X8HM009662,1814
1M2LR2AC1LM001058,1804
1M2LR2AC1LM001058,1806
1M2LR2AC1LM001058,1808
1M2LR2AC1LM001058,1805
1M2LR2AC1LM001058,1807
1M2LR2AC1LM001058,1809
1M2LR2AC1LM001058,1810
1M2LR2AC1LM001058,1812
1M2LR2AC1LM001058,1811
1M2LR2AC1LM001058,1813
1M2LR2AC1LM001058,1814
1M2AX09C6GM027375,1806
1M2AX09C6GM027375,1804
1M2AX09C6GM027375,1808
1M2AX09C6GM027375,1807
1M2AX09C6GM027375,1805
1M2AX09C6GM027375,1809
1M2AX09C6GM027375,1810
1M2AX09C6GM027375,1811
1M2AX09C6GM027375,1812
1M2AX09C6GM027375,1813
1M2AX09C6GM027375,1814
4V4NC9EG3LN223233,1808
4V4NC9EG3LN223233,1806
4V4NC9EG3LN223233,1804
4V4NC9EG3LN223233,1809
4V4NC9EG3LN223233,1807
4V4NC9EG3LN223233,1805
4V4NC9EG3LN223233,1811
4V4NC9EG3LN223233,1810
4V4NC9EG3LN223233,1813
4V4NC9EG3LN223233,1812
4V4NC9EG3LN223233,1814
4V4NC9EH6FN182108,1804
4V4NC9EH6FN182108,1806
4V4NC9EH6FN182108,1808
4V4NC9EH6FN182108,1805
4V4NC9EH6FN182108,1807
4V4NC9EH6FN182108,1809
1M2AX13C7HM038885,1808
1M2AX13C7HM038885,1806
1M2AX13C7HM038885,1804
4V4NC9EH6FN182108,1813
4V4NC9EH6FN182108,1811
4V4NC9EH6FN182108,1810
4V4NC9EH6FN182108,1812
4V4NC9EH6FN182108,1814
1M2AX13C7HM038885,1809
1M2AX13C7HM038885,1807
1M2AX13C7HM038885,1805
1M2AX13C7HM038885,1810
1M2AX13C7HM038885,1812
1M2AX13C7HM038885,1811
1M2AX13C7HM038885,1814
1M2AX13C7HM038885,1813
4V4WC9EJ2LN267272,1806
4V4WC9EJ2LN267272,1808
4V4WC9EJ2LN267272,1804
4V4WC9EJ2LN267272,1809
4V4WC9EJ2LN267272,1807
4V4WC9EJ2LN267272,1805
4V4WC9EJ2LN267272,1810
4V4WC9EJ2LN267272,1812
4V4WC9EJ2LN267272,1811
4V4WC9EJ2LN267272,1813
4V4WC9EJ2LN267272,1814
1M2AX07C7HM035666,1808
1M2AX07C7HM035666,1806
1M2AX07C7HM035666,1804
1M2AX07C7HM035666,1809
1M2AX07C7HM035666,1807
1M2AX07C7HM035666,1805
1M2AX07C7HM035666,1811
1M2AX07C7HM035666,1812
1M2AX07C7HM035666,1813
1M2AX07C7HM035666,1810
1M2AX07C7HM035666,1814
1M1AW21Y2GM011863,1806
1M1AW21Y2GM011863,1808
1M1AW21Y2GM011863,1804
1M1AW21Y2GM011863,1807
1M1AW21Y2GM011863,1809
1M1AW21Y2GM011863,1805
1M1AW21Y2GM011863,1813
1M1AW21Y2GM011863,1811
1M1AW21Y2GM011863,1814
1M1AW21Y2GM011863,1810
1M1AW21Y2GM011863,1812
1M2TE1GC4LM003318,1806
1M2TE1GC4LM003318,1808
1M2TE1GC4LM003318,1804
1M2TE1GC4LM003318,1807
1M2TE1GC4LM003318,1809
1M2TE1GC4LM003318,1805
1M2TE1GC4LM003318,1810
1M2TE1GC4LM003318,1811
1M2TE1GC4LM003318,1813
1M2TE1GC4LM003318,1812
1M2TE1GC4LM003318,1814
1M1AW07Y7FM046067,1804
1M1AW07Y7FM046067,1806
1M1AW07Y7FM046067,1808
1M1AW07Y7FM046067,1809
1M1AW07Y7FM046067,1805
1M1AW07Y7FM046067,1807
1M1AW07Y7FM046067,1810
1M1AW07Y7FM046067,1812
1M1AW07Y7FM046067,1813
1M1AW07Y7FM046067,1814
1M1AW07Y7FM046067,1811
1M2GR4GC3LM014771,1806
1M2GR4GC3LM014771,1808
1M2GR4GC3LM014771,1804
1M2GR4GC3LM014771,1809
1M2GR4GC3LM014771,1805
1M2GR4GC3LM014771,1807
1M2GR4GC3LM014771,1810
1M2GR4GC3LM014771,1814
1M2GR4GC3LM014771,1812
1M2GR4GC3LM014771,1811
1M2GR4GC3LM014771,1813
4V4NC9EH8FN909717,1806
4V4NC9EH8FN909717,1808
4V4NC9EH8FN909717,1804
4V4NC9EH8FN909717,1809
4V4NC9EH8FN909717,1807
4V4NC9EH8FN909717,1805
1M1PN4GY6MM007553,1804
1M1PN4GY6MM007553,1806
1M1PN4GY6MM007553,1808
4V4NC9EH8FN909717,1811
4V4NC9EH8FN909717,1810
4V4NC9EH8FN909717,1813
4V4NC9EH8FN909717,1812
4V4NC9EH8FN909717,1814
1M1PN4GY6MM007553,1807
1M1PN4GY6MM007553,1805
1M1PN4GY6MM007553,1809
1M1PN4GY6MM007553,1812
1M1PN4GY6MM007553,1810
1M1PN4GY6MM007553,1813
1M1PN4GY6MM007553,1811
1M1PN4GY6MM007553,1814
4V4WC9EG1MN283114,1806
4V4WC9EG1MN283114,1804
4V4WC9EG1MN283114,1808
4V4WC9EG1MN283114,1807
4V4WC9EG1MN283114,1809
4V4WC9EG1MN283114,1805
4V4WC9EG1MN283114,1811
4V4WC9EG1MN283114,1813
4V4WC9EG1MN283114,1812
4V4WC9EG1MN283114,1810
4V4WC9EG1MN283114,1814
1M2GR4GC0LM010614,1804
1M2GR4GC0LM010614,1806
1M2GR4GC0LM010614,1808
1M2GR4GC0LM010614,1805
1M2GR4GC0LM010614,1807
1M2GR4GC0LM010614,1809
1M2GR4GC0LM010614,1811
1M2GR4GC0LM010614,1813
1M2GR4GC0LM010614,1810
1M2GR4GC0LM010614,1812
1M2GR4GC0LM010614,1814
1M2AV02C8FM013234,1804
1M2AV02C8FM013234,1806
1M2AV02C8FM013234,1808
1M2AV02C8FM013234,1805
1M2AV02C8FM013234,1807
1M2AV02C8FM013234,1809
1M2AV02C8FM013234,1813
1M2AV02C8FM013234,1810
1M2AV02C8FM013234,1812
1M2AV02C8FM013234,1814
1M2AV02C8FM013234,1811
1M1AW07Y9GM055807,1804
1M1AW07Y9GM055807,1806
1M1AW07Y9GM055807,1808
1M1AW07Y9GM055807,1805
1M1AW07Y9GM055807,1807
1M1AW07Y9GM055807,1809
1M1AW07Y9GM055807,1811
1M1AW07Y9GM055807,1812
1M1AW07Y9GM055807,1813
1M1AW07Y9GM055807,1810
4V4NC9EH4LN239885,1806
4V4NC9EH4LN239885,1804
4V4NC9EH4LN239885,1808
4V4NC9EH4LN239885,1805
4V4NC9EH4LN239885,1807
4V4NC9EH4LN239885,1809
4V4NC9EH4LN239885,1812
4V4NC9EH4LN239885,1810
4V4NC9EH4LN239885,1814
4V4NC9EH4LN239885,1811
4V4NC9EH4LN239885,1813
4V4NC9EJ8MN269640,1804
4V4NC9EJ8MN269640,1808
4V4NC9EH2MN265256,1808
4V4NC9EH2MN265256,1804
4V4NC9EJ8MN269640,1806
4V4NC9EH2MN265256,1806
1M2AX13C8JM042871,1808
1M2AX13C8JM042871,1804
1M2AX13C8JM042871,1806
4V4NC9EJ8MN269640,1805
4V4NC9EH2MN265256,1805
4V4NC9EH2MN265256,1807
4V4NC9EJ8MN269640,1809
4V4NC9EH2MN265256,1809
4V4NC9EJ8MN269640,1807
1M2AX13C8JM042871,1809
1M2AX13C8JM042871,1805
1M2AX13C8JM042871,1807
4V4NC9EJ8MN269640,1811
4V4NC9EJ8MN269640,1810
4V4NC9EJ8MN269640,1812
4V4NC9EH2MN265256,1811
4V4NC9EH2MN265256,1810
4V4NC9EH2MN265256,1813
4V4NC9EH2MN265256,1812
4V4NC9EJ8MN269640,1813
4V4NC9EH2MN265256,1814
4V4NC9EJ8MN269640,1814
1M2AX13C8JM042871,1812
1M2AX13C8JM042871,1811
1M2AX13C8JM042871,1810
1M2AX13C8JM042871,1813
1M2AX13C8JM042871,1814
4V4M19EH5JN994784,1804
4V4M19EH5JN994784,1808
4V4M19EH5JN994784,1806
4V4M19EH5JN994784,1809
4V4M19EH5JN994784,1807
4V4M19EH5JN994784,1805
4V4M19EH5JN994784,1811
4V4M19EH5JN994784,1812
4V4M19EH5JN994784,1810
4V4M19EH5JN994784,1813
4V4M19EH5JN994784,1814
4V4WC9EH4KN202774,1804
4V4WC9EH4KN202774,1806
4V4WC9EH4KN202774,1808
1M2TE2GC2MM005043,1804
1M2TE2GC2MM005043,1808
1M2TE2GC2MM005043,1806
4V4WC9EH4KN202774,1805
4V4WC9EH4KN202774,1809
4V4WC9EH4KN202774,1807
1M2TE2GC2MM005043,1805
1M2TE2GC2MM005043,1809
1M2TE2GC2MM005043,1807
4V4WC9EH4KN202774,1810
4V4WC9EH4KN202774,1811
4V4WC9EH4KN202774,1812
4V4WC9EH4KN202774,1813
4V4WC9EH4KN202774,1814
1M2TE2GC2MM005043,1811
1M2TE2GC2MM005043,1810
1M2TE2GC2MM005043,1812
1M2TE2GC2MM005043,1813
1M2TE2GC2MM005043,1814
1M1AN3GYXLM018814,1808
1M1AN3GYXLM018814,1806
1M1AN3GYXLM018814,1804
1M1AN3GYXLM018814,1809
1M1AN3GYXLM018814,1807
1M1AN3GYXLM018814,1805
1M1AN3GYXLM018814,1811
1M1AN3GYXLM018814,1810
1M1AN3GYXLM018814,1812
1M1AN3GYXLM018814,1814
1M1AN3GYXLM018814,1813
4V4NC9EHXGN974974,1804
4V4NC9EHXGN974974,1808
4V4NC9EHXGN974974,1806
4V4NC9EHXGN974974,1805
4V4NC9EHXGN974974,1809
4V4NC9EHXGN974974,1807
4V4NC9EHXGN974974,1811
4V4NC9EHXGN974974,1810
4V4NC9EHXGN974974,1813
4V4NC9EHXGN974974,1812
4V4NC9EHXGN974974,1814
4V4NC9EHXGN943286,1806
4V4NC9EHXGN943286,1808
4V4NC9EHXGN943286,1804
4V4NC9EHXGN943286,1805
4V4NC9EHXGN943286,1807
4V4NC9EHXGN943286,1809
4V4NC9EHXGN943286,1811
4V4NC9EHXGN943286,1810
4V4NC9EHXGN943286,1812
4V4NC9EHXGN943286,1813
4V4NC9EHXGN943286,1814
1M1AN09Y4GM024318,1806
1M1AN09Y4GM024318,1804
1M1AN09Y4GM024318,1808
1M1AN09Y4GM024318,1805
1M1AN09Y4GM024318,1807
1M1AN09Y4GM024318,1809
1M1AN09Y4GM024318,1813
1M1AN09Y4GM024318,1810
1M1AN09Y4GM024318,1814
1M1AN09Y4GM024318,1811
1M1AN09Y4GM024318,1812